ticket_id,word_count,category,category_conf,priority,priority_conf,prob_priority_P1,prob_priority_P2,prob_priority_P3,prob_priority_P4,assigned_team,team_conf,prob_team_Account-Admin,prob_team_Billing-Ops,prob_team_Network-Support,prob_team_Security-Ops,prob_team_Server-HW,prob_team_Software-Support,prob_team_Storage-Support,sentiment,sentiment_conf,similarity,escalation_flag,saving,abstain,abstain_reason
CB-001,36,Hardware,0.674823276577461,P2,0.5052961963051068,0.23910518261513605,0.5052961963051068,0.16039106819510227,0.09520755288465478,Server-HW,0.8894281883196928,0.008993775437838865,0.014358020481262822,0.015650034431561648,0.029553394820345875,0.8894281883196928,0.033580468047362665,0.008436118461935448,Angry,0.5998250134958836,0.28760967848711494,1,-0.21692148698334163,0,
CB-002,4,Billing,0.6451613647084806,P4,0.7453598037174828,0.025064844969503557,0.1530295811758883,0.0765457701371254,0.7453598037174828,Billing-Ops,0.721546859487604,0.058867218671594494,0.721546859487604,0.0014368886035850625,0.005944590887799406,0.0027341466581322473,0.2051861852102224,0.0042841104810625264,Neutral,0.877503501102826,0.25358988633787816,0,0.021769093855790733,1,Too short to understand
CB-003,24,Hardware,0.8454070402041747,P2,0.9385247391463191,0.05017083702845592,0.9385247391463191,0.010651640127209719,0.0006527836980152416,Server-HW,0.9753849418586045,0.0008192812833397385,0.00026487624779461424,0.01187481800363936,0.0047112587142475616,0.9753849418586045,0.003918004920922266,0.003026818971451905,Neutral,0.8114913912804884,0.2748538708158218,0,-0.4664629280933572,0,
CB-004,32,Hardware,0.9273364107791527,P1,0.39298276650482383,0.39298276650482383,0.3769353962275534,0.1635843887972304,0.06649744847039225,Server-HW,0.7080049850058945,0.026588337189066745,0.009862069911485949,0.15625105377352327,0.0664560681015396,0.7080049850058945,0.01599085191232701,0.016846634106162876,Neutral,0.5719307823890066,0.22515489934631142,0,0.5548263174544995,1,Unfamiliar topic
CB-005,25,Storage,0.8180448703494693,P1,0.48677109413767805,0.48677109413767805,0.4316117164871069,0.0748419103404118,0.006775279034803286,Storage-Support,0.9264319863876909,0.018394535073209,0.010115387036518791,0.0014281914844275945,0.012986185824377551,0.018665474682020258,0.01197823951175587,0.9264319863876909,Neutral,0.7690750133030656,0.24872234520509037,0,-0.3710658015905362,0,
CB-006,23,Hardware,0.7098062088519321,P4,0.870106374733505,5.312596539937886e-06,0.0001995006544397594,0.12968881201551533,0.870106374733505,Server-HW,0.9527544658278366,0.0017717948763963495,0.005777667993188958,0.005251758183059602,0.023752655437299396,0.9527544658278366,0.009361173173373717,0.0013304845088454324,Neutral,0.9725596237619104,0.3235496730110022,0,-0.25278690228608625,0,
CB-007,34,Firmware,0.35221614575967014,P1,0.8018918136090356,0.8018918136090356,0.1923276216710867,0.005439635143343836,0.0003409295765338812,Network-Support,0.9875904061019848,0.00011583750004597468,6.886874633845435e-05,0.9875904061019848,0.007569222575152176,0.001417741827256247,0.00019151905682199394,0.0030464041924004146,Neutral,0.7168374422076255,0.3010615211582873,0,-0.8153354299830005,0,
CB-008,33,Security,0.9692459973009581,P1,0.8092369275986369,0.8092369275986369,0.1663092108014511,0.02393230923533934,0.0005215523645726803,Security-Ops,0.9098165890456676,0.06309513396588805,0.011525577852056115,0.0037578457891912853,0.9098165890456676,0.0015690856486509828,0.007425011200149439,0.0028107564983963274,Angry,0.9180231183865182,0.2716406124446826,1,-0.2836877238144616,0,
CB-009,32,Billing,0.8963665101643068,P4,0.9127095006428356,4.6136492273368573e-05,0.0007933490027900158,0.08645101386210106,0.9127095006428356,Billing-Ops,0.9592154063404462,0.02660806111002852,0.9592154063404462,0.0011684042393005371,0.0017013892256087081,0.0011715990362109023,0.009581652912046289,0.0005534871363590703,Positive,0.9980649349210508,0.30303550706499144,0,-0.25936084366225487,0,
CB-010,26,Storage,0.4844359698432355,P2,0.578737183234843,0.3393459404535004,0.578737183234843,0.0637004793010962,0.0182163970105605,Server-HW,0.9381033470990424,0.0007676753889724439,0.0021256583266260573,0.006649515591000565,0.0006214881157265651,0.9381033470990424,0.001644752313313404,0.05008756316531839,Neutral,0.4502502658723309,0.27207342028642023,0,-0.40854040228470107,0,
CB-011,30,Networking,0.37932036920465073,P2,0.3148297780300496,0.11553926171617107,0.3148297780300496,0.2986917930835972,0.2709391671701821,Network-Support,0.527223529490809,0.034474852413572066,0.1926413942157272,0.527223529490809,0.1444336728948945,0.06636491058042096,0.02316599849011357,0.011695641914462675,Angry,0.5468832405205228,0.17512973905487159,1,0.5601468534859638,1,Unfamiliar topic
CB-012,32,Billing,0.5631946506813121,P4,0.9207087327706107,3.518246051965324e-05,0.001296741160475117,0.07795934360839439,0.9207087327706107,Billing-Ops,0.9339112056050564,0.06526807735228009,0.9339112056050564,2.8756613018549683e-05,0.00017176564141173042,2.8199641155866106e-05,0.0005407896942841441,5.120545279335127e-05,Positive,0.556977712388359,0.34501482142793494,0,-0.23409320533477984,0,
CB-013,23,Networking,0.5049104753385527,P1,0.6858010987159155,0.6858010987159155,0.31169035535467676,0.0023445500568170146,0.00016399587259080582,Network-Support,0.6221195409892512,0.05411374097263816,0.08620115527801969,0.6221195409892512,0.108016068284929,0.06355946111692673,0.062442518030736326,0.003547515327498926,Angry,0.9991983162229926,0.2179156267718179,1,1.4673191511992434,1,Unfamiliar topic
CB-014,15,Networking,0.9687466452945962,P3,0.8911853214967798,0.004587700616445399,0.02548345072015967,0.8911853214967798,0.07874352716661516,Network-Support,0.9742079632149043,0.0030248665734006366,0.002881374469731081,0.9742079632149043,0.014977905222590553,0.0025284820257726387,0.001348608024060952,0.0010308004695396484,Neutral,0.80468686095354,0.22311941308332398,0,-0.28103049069065394,0,
CB-015,9,Storage,0.5072967353585237,P4,0.7956032716121555,0.002797078956649733,0.036838542716296246,0.16476110671489866,0.7956032716121555,Storage-Support,0.6169851765401508,0.007217907864164233,0.17220821322489308,0.0016522861404248289,0.0013095083877092328,0.006083446852274661,0.19454346099038322,0.6169851765401508,Angry,0.6018404775858758,0.23139856594387118,1,0.09529812650142666,1,Unfamiliar topic
