partner_id,health_score,at_risk
PT-00001,0.9386538461538462,0
PT-00002,0.6898076923076923,0
PT-00003,0.4153846153846153,0
PT-00004,0.9386538461538462,0
PT-00005,0.7290769230769231,0
PT-00006,0.7064615384615385,0
PT-00007,0.835,0
PT-00008,0.4176923076923077,0
PT-00009,0.835,0
PT-00010,0.5488461538461539,0
PT-00011,0.835,0
PT-00012,0.7053846153846154,0
PT-00013,0.3376923076923077,0
PT-00014,0.7251923076923077,0
PT-00015,0.9386538461538462,0
PT-00016,0.4357692307692308,0
PT-00017,0.6,0
PT-00018,0.7475,0
PT-00019,0.0111500000000001,1
PT-00020,0.4665384615384615,0
PT-00021,0.5815384615384616,0
PT-00022,0.6509615384615385,0
PT-00023,0.7144230769230769,0
PT-00024,0.1053846153846154,0
PT-00025,0.9386538461538462,0
PT-00026,0.5961538461538461,0
PT-00027,0.9386538461538462,0
PT-00028,0.7475,0
PT-00029,0.0742307692307692,0
PT-00030,0.5692307692307692,0
PT-00031,0.6586538461538461,0
PT-00032,0.625576923076923,0
PT-00033,0.835,0
PT-00034,0.015,1
PT-00035,0.5915384615384616,0
PT-00036,0.2703846153846153,0
PT-00037,0.1484615384615384,0
PT-00038,0.3730769230769231,0
PT-00039,0.9386538461538462,0
PT-00040,0.7461538461538462,0
PT-00041,0.7251923076923077,0
PT-00042,0.5942307692307692,0
PT-00043,0.9386538461538462,0
PT-00044,0.7751923076923077,0
PT-00045,0.2419230769230769,0
PT-00046,0.7334615384615384,0
PT-00047,0.2584615384615384,0
PT-00048,0.1615384615384615,0
PT-00049,0.4523076923076923,0
PT-00050,0.7475,0
PT-00051,0.3642307692307692,0
PT-00052,0.7475,0
PT-00053,0.1896153846153846,0
PT-00054,0.9386538461538462,0
PT-00055,0.9386538461538462,0
PT-00056,0.9386538461538462,0
PT-00057,0.835,0
PT-00058,0.1676923076923077,0
PT-00059,0.3034615384615384,0
PT-00060,0.7034615384615385,0
PT-00061,0.0926923076923077,0
PT-00062,0.4584615384615385,0
PT-00063,0.428076923076923,0
PT-00064,0.0346153846153846,0
PT-00065,0.835,0
PT-00066,0.0026923076923076,1
PT-00067,0.4019230769230769,0
PT-00068,0.5742307692307692,0
PT-00069,0.7751923076923077,0
PT-00070,0.3784615384615385,0
PT-00071,0.1815384615384615,0
PT-00072,0.835,0
PT-00073,0.333076923076923,0
PT-00074,0.5892307692307692,0
PT-00075,0.835,0
PT-00076,0.7475,0
PT-00077,0.0957692307692307,0
PT-00078,0.9386538461538462,0
PT-00079,0.4403846153846154,0
PT-00080,0.1099999999999999,0
PT-00081,-0.0106999999999999,1
PT-00082,0.9386538461538462,0
PT-00083,0.2880769230769231,0
PT-00084,0.5838461538461539,0
PT-00085,0.7751923076923077,0
PT-00086,0.9386538461538462,0
PT-00087,0.9386538461538462,0
PT-00088,0.0111500000000001,1
PT-00089,0.0273076923076922,0
PT-00090,0.313076923076923,0
PT-00091,0.7475,0
PT-00092,0.6742307692307692,0
PT-00093,0.6488461538461539,0
PT-00094,0.4673076923076923,0
PT-00095,0.1261538461538461,0
PT-00096,0.1123076923076923,0
PT-00097,0.2846153846153846,0
PT-00098,0.243076923076923,0
PT-00099,0.5253846153846153,0
PT-00100,0.3511538461538461,0
PT-00101,0.0111500000000001,1
PT-00102,0.5588461538461538,0
PT-00103,0.9386538461538462,0
PT-00104,0.0746153846153846,0
PT-00105,0.5403846153846155,0
PT-00106,0.835,0
PT-00107,0.6448076923076923,0
PT-00108,0.6115384615384616,0
PT-00109,0.7185769230769231,0
PT-00110,0.9386538461538462,0
PT-00111,0.5280769230769231,0
PT-00112,0.3126923076923077,0
PT-00113,0.4207692307692308,0
PT-00114,0.1519230769230769,0
PT-00115,0.7251923076923077,0
PT-00116,0.1926923076923077,0
PT-00117,0.7475,0
PT-00118,0.2723076923076923,0
PT-00119,0.2061538461538461,0
PT-00120,0.3569230769230769,0
PT-00121,0.3873076923076923,0
PT-00122,0.9386538461538462,0
PT-00123,0.0919230769230768,0
PT-00124,0.0461538461538461,0
PT-00125,0.7475,0
PT-00126,0.835,0
PT-00127,0.5223076923076924,0
PT-00128,0.1419230769230769,0
PT-00129,0.0111500000000001,1
PT-00130,0.1342307692307692,0
PT-00131,0.4915384615384616,0
PT-00132,0.6709615384615384,0
PT-00133,0.835,0
PT-00134,0.0107692307692307,1
PT-00135,0.4769230769230769,0
PT-00136,0.7751923076923077,0
PT-00137,0.9386538461538462,0
PT-00138,0.2065384615384615,0
PT-00139,0.835,0
PT-00140,0.6763461538461538,0
PT-00141,0.2423076923076923,0
PT-00142,0.5492307692307692,0
PT-00143,0.7053846153846154,0
PT-00144,0.9386538461538462,0
PT-00145,0.835,0
PT-00146,0.4707692307692307,0
PT-00147,0.4123076923076922,0
PT-00148,0.6496153846153846,0
PT-00149,0.9386538461538462,0
PT-00150,0.7751923076923077,0
PT-00151,0.2426923076923076,0
PT-00152,0.2938461538461538,0
PT-00153,0.9386538461538462,0
PT-00154,0.7581538461538462,0
PT-00155,0.5326923076923077,0
PT-00156,0.536923076923077,0
PT-00157,0.5923076923076923,0
PT-00158,0.835,0
PT-00159,0.1769230769230769,0
PT-00160,0.6265384615384615,0
PT-00161,0.5976923076923077,0
PT-00162,0.3407692307692308,0
PT-00163,0.7291923076923077,0
PT-00164,0.7751923076923077,0
PT-00165,0.7696923076923077,0
PT-00166,0.4884615384615385,0
PT-00167,0.7053846153846154,0
PT-00168,0.6530769230769231,0
PT-00169,0.3688461538461538,0
PT-00170,0.2638461538461538,0
PT-00171,0.3811538461538462,0
PT-00172,0.9386538461538462,0
PT-00173,0.473076923076923,0
PT-00174,0.9386538461538462,0
PT-00175,0.6663461538461539,0
PT-00176,0.7475,0
PT-00177,0.835,0
PT-00178,0.2934615384615384,0
PT-00179,0.348076923076923,0
PT-00180,0.0569230769230769,0
PT-00181,0.7361538461538462,0
PT-00182,0.5115384615384615,0
PT-00183,0.4719230769230769,0
PT-00184,0.835,0
PT-00185,0.1919230769230769,0
PT-00186,0.9386538461538462,0
PT-00187,0.1903846153846153,0
PT-00188,0.54,0
PT-00189,0.7751923076923077,0
PT-00190,0.5448076923076923,0
PT-00191,0.53,0
PT-00192,0.0876923076923077,0
PT-00193,0.2184615384615384,0
PT-00194,0.7140384615384615,0
PT-00195,0.443076923076923,0
PT-00196,0.3703846153846154,0
PT-00197,0.9386538461538462,0
PT-00198,0.1653846153846153,0
PT-00199,0.9386538461538462,0
PT-00200,0.2773076923076922,0
PT-00201,0.38,0
PT-00202,0.6961538461538461,0
PT-00203,0.5,0
PT-00204,0.0638461538461538,0
PT-00205,0.7751923076923077,0
PT-00206,0.6261538461538462,0
PT-00207,0.4265384615384615,0
PT-00208,0.9386538461538462,0
PT-00209,-0.0093,1
PT-00210,-0.0094,1
PT-00211,0.035,0
PT-00212,0.3846153846153846,0
PT-00213,0.6136538461538461,0
PT-00214,0.5538461538461539,0
PT-00215,0.0657692307692308,0
PT-00216,0.5823076923076923,0
PT-00217,0.9386538461538462,0
PT-00218,0.4203846153846153,0
PT-00219,0.9386538461538462,0
PT-00220,0.3780769230769231,0
PT-00221,0.2980769230769231,0
PT-00222,0.6851923076923077,0
PT-00223,0.3134615384615384,0
PT-00224,0.9386538461538462,0
PT-00225,0.9386538461538462,0
PT-00226,0.5203846153846154,0
PT-00227,0.7751923076923077,0
PT-00228,0.0296153846153846,0
PT-00229,0.5938461538461539,0
PT-00230,0.6361538461538462,0
PT-00231,0.5269230769230769,0
PT-00232,0.7053846153846154,0
PT-00233,0.2592307692307692,0
PT-00234,0.5507692307692308,0
PT-00235,0.9386538461538462,0
PT-00236,0.62,0
PT-00237,0.835,0
PT-00238,0.0353846153846153,0
PT-00239,0.7751923076923077,0
PT-00240,0.5103846153846154,0
PT-00241,0.7348076923076923,0
PT-00242,0.9386538461538462,0
PT-00243,0.4792307692307692,0
PT-00244,0.9386538461538462,0
PT-00245,0.766576923076923,0
PT-00246,0.9386538461538462,0
PT-00247,0.5623076923076923,0
PT-00248,0.6465384615384615,0
PT-00249,0.37,0
PT-00250,0.5457692307692308,0
PT-00251,0.6038461538461539,0
PT-00252,0.2761538461538462,0
PT-00253,0.3723076923076923,0
PT-00254,0.4888461538461538,0
PT-00255,0.5276923076923077,0
PT-00256,0.3726923076923076,0
PT-00257,0.2119230769230768,0
PT-00258,0.7028846153846153,0
PT-00259,0.365,0
PT-00260,0.5434615384615384,0
PT-00261,0.475,0
PT-00262,0.2038461538461539,0
PT-00263,0.9386538461538462,0
PT-00264,0.8521923076923077,0
PT-00265,0.16,0
PT-00266,0.0196153846153845,1
PT-00267,0.6188461538461538,0
PT-00268,0.9386538461538462,0
PT-00269,0.7171153846153846,0
PT-00270,0.7017307692307693,0
PT-00271,0.835,0
PT-00272,0.1057692307692307,0
PT-00273,0.7028846153846153,0
PT-00274,0.0453846153846153,0
PT-00275,0.7042692307692309,0
PT-00276,0.7086538461538462,0
PT-00277,0.1557692307692307,0
PT-00278,0.5130769230769231,0
PT-00279,0.2388461538461538,0
PT-00280,0.4807692307692307,0
PT-00281,0.7751923076923077,0
PT-00282,0.6638461538461539,0
PT-00283,0.4661538461538461,0
PT-00284,0.2842307692307692,0
PT-00285,0.4607692307692308,0
PT-00286,0.723423076923077,0
PT-00287,0.7475,0
PT-00288,0.4776923076923076,0
PT-00289,0.1961538461538461,0
PT-00290,0.750423076923077,0
PT-00291,0.1380769230769231,0
PT-00292,0.135,0
PT-00293,0.9386538461538462,0
PT-00294,0.6003846153846154,0
PT-00295,0.2315384615384615,0
PT-00296,0.3453846153846154,0
PT-00297,0.835,0
PT-00298,0.9386538461538462,0
PT-00299,0.6569230769230769,0
PT-00300,0.7251923076923077,0
PT-00301,0.835,0
PT-00302,0.9386538461538462,0
PT-00303,0.0738461538461539,0
PT-00304,0.5757692307692308,0
PT-00305,-0.0091000000000001,1
PT-00306,0.9386538461538462,0
PT-00307,0.5473076923076923,0
PT-00308,0.2453846153846154,0
PT-00309,0.3307692307692308,0
PT-00310,0.9386538461538462,0
PT-00311,0.1576923076923077,0
PT-00312,0.7035769230769231,0
PT-00313,0.9386538461538462,0
PT-00314,0.6917307692307693,0
PT-00315,0.3734615384615385,0
PT-00316,-0.0129999999999999,1
PT-00317,0.36,0
PT-00318,0.5573076923076923,0
PT-00319,0.2992307692307692,0
PT-00320,0.1115384615384615,0
PT-00321,0.9386538461538462,0
PT-00322,0.4003846153846153,0
PT-00323,0.5361538461538462,0
PT-00324,0.9386538461538462,0
PT-00325,0.0842307692307692,0
PT-00326,0.51,0
PT-00327,0.1161538461538461,0
PT-00328,0.0834615384615384,0
PT-00329,0.6269230769230769,0
PT-00330,0.835,0
PT-00331,0.1569230769230769,0
PT-00332,0.4642307692307692,0
PT-00333,0.835,0
PT-00334,0.1992307692307692,0
PT-00335,0.5611538461538461,0
PT-00336,0.9386538461538462,0
PT-00337,0.3607692307692307,0
PT-00338,0.2861538461538462,0
PT-00339,0.0465384615384615,0
PT-00340,0.835,0
PT-00341,0.495,0
PT-00342,0.7371538461538462,0
PT-00343,0.4626923076923077,0
PT-00344,0.6886538461538462,0
PT-00345,0.6823076923076923,0
PT-00346,0.835,0
PT-00347,0.9386538461538462,0
PT-00348,0.4334615384615384,0
PT-00349,0.9386538461538462,0
PT-00350,0.27,0
PT-00351,0.3653846153846154,0
PT-00352,0.2507692307692307,0
PT-00353,-0.01,1
PT-00354,0.6553846153846155,0
PT-00355,0.6469230769230769,0
PT-00356,0.3,0
PT-00357,0.9386538461538462,0
PT-00358,0.5238461538461539,0
PT-00359,0.7251923076923077,0
PT-00360,0.835,0
PT-00361,0.4803846153846154,0
PT-00362,0.4742307692307692,0
PT-00363,0.9386538461538462,0
PT-00364,0.4488461538461539,0
PT-00365,0.6042307692307692,0
PT-00366,0.2265384615384615,0
PT-00367,0.6119230769230769,0
PT-00368,0.6976923076923076,0
PT-00369,0.9386538461538462,0
PT-00370,0.5769230769230769,0
PT-00371,0.2573076923076923,0
PT-00372,0.0503846153846153,0
PT-00373,0.835,0
PT-00374,0.358076923076923,0
PT-00375,0.9386538461538462,0
PT-00376,0.5653846153846154,0
PT-00377,0.2919230769230769,0
PT-00378,0.2092307692307692,0
PT-00379,0.835,0
PT-00380,0.4753846153846154,0
PT-00381,0.9386538461538462,0
PT-00382,0.6809615384615384,0
PT-00383,0.485,0
PT-00384,0.3246153846153846,0
PT-00385,0.3969230769230769,0
PT-00386,0.9386538461538462,0
PT-00387,0.635,0
PT-00388,0.5353846153846153,0
PT-00389,0.7303461538461539,0
PT-00390,0.9386538461538462,0
PT-00391,0.835,0
PT-00392,-0.0095,1
PT-00393,0.835,0
PT-00394,0.551923076923077,0
PT-00395,0.7751923076923077,0
PT-00396,0.6311538461538462,0
PT-00397,0.3857692307692307,0
PT-00398,0.4080769230769231,0
PT-00399,0.0111500000000001,1
PT-00400,0.6242307692307693,0
PT-00401,0.01,1
PT-00402,0.9386538461538462,0
PT-00403,0.7377307692307693,0
PT-00404,0.6898076923076923,0
PT-00405,0.9505,0
PT-00406,0.2665384615384615,0
PT-00407,0.4065384615384615,0
PT-00408,0.1546153846153846,0
PT-00409,0.6942307692307692,0
PT-00410,0.2792307692307693,0
PT-00411,0.9386538461538462,0
PT-00412,0.6346153846153846,0
PT-00413,0.0873076923076923,0
PT-00414,0.835,0
PT-00415,0.7751923076923077,0
PT-00416,0.6473076923076924,0
PT-00417,0.9386538461538462,0
PT-00418,0.9386538461538462,0
PT-00419,0.2134615384615384,0
PT-00420,0.0949999999999999,0
PT-00421,0.7119230769230769,0
PT-00422,0.7751923076923077,0
PT-00423,0.7751923076923077,0
PT-00424,0.5415384615384615,0
PT-00425,0.3084615384615384,0
PT-00426,0.8461923076923077,0
PT-00427,0.7154615384615385,0
PT-00428,0.47,0
PT-00429,0.1065384615384615,0
PT-00430,0.2492307692307692,0
PT-00431,0.1584615384615384,0
PT-00432,0.9386538461538462,0
PT-00433,0.9386538461538462,0
PT-00434,0.3107692307692308,0
PT-00435,0.7751923076923077,0
PT-00436,0.2942307692307692,0
PT-00437,0.4692307692307692,0
PT-00438,0.2142307692307692,0
PT-00439,0.5461538461538462,0
PT-00440,0.35,0
PT-00441,0.6103846153846153,0
PT-00442,0.5851923076923077,0
PT-00443,0.835,0
PT-00444,0.4180769230769231,0
PT-00445,0.0176923076923076,1
PT-00446,0.4076923076923077,0
PT-00447,0.4599999999999999,0
PT-00448,0.3592307692307692,0
PT-00449,0.4376923076923077,0
PT-00450,0.6953846153846154,0
PT-00451,0.7751923076923077,0
PT-00452,0.2896153846153846,0
PT-00453,0.0415384615384615,0
PT-00454,0.3965384615384615,0
PT-00455,0.5292307692307692,0
PT-00456,0.1807692307692308,0
PT-00457,0.0607692307692308,0
PT-00458,0.2738461538461538,0
PT-00459,0.1842307692307692,0
PT-00460,0.1742307692307692,0
PT-00461,0.9386538461538462,0
PT-00462,0.5411538461538461,0
PT-00463,0.7147692307692308,0
PT-00464,0.6592307692307693,0
PT-00465,0.5034615384615384,0
PT-00466,0.1196153846153845,0
PT-00467,0.835,0
PT-00468,0.3153846153846154,0
PT-00469,0.6384615384615384,0
PT-00470,0.9386538461538462,0
PT-00471,0.1434615384615384,0
PT-00472,0.5019230769230769,0
PT-00473,0.9386538461538462,0
PT-00474,0.9386538461538462,0
PT-00475,0.1138461538461538,0
PT-00476,0.4796153846153846,0
PT-00477,0.835,0
PT-00478,0.6663461538461539,0
PT-00479,0.4169230769230769,0
PT-00480,0.1092307692307692,0
PT-00481,0.9386538461538462,0
PT-00482,0.7251923076923077,0
PT-00483,0.4715384615384616,0
PT-00484,0.0688461538461538,0
PT-00485,0.7475,0
PT-00486,0.4542307692307692,0
PT-00487,0.4415384615384615,0
PT-00488,0.6988461538461539,0
PT-00489,0.3757692307692307,0
PT-00490,0.6663461538461539,0
PT-00491,0.9386538461538462,0
PT-00492,0.2661538461538462,0
PT-00493,0.6965384615384616,0
PT-00494,0.7751923076923077,0
PT-00495,0.1496153846153846,0
PT-00496,0.3942307692307693,0
PT-00497,0.4826923076923076,0
PT-00498,0.533076923076923,0
PT-00499,0.3507692307692307,0
PT-00500,0.338076923076923,0
PT-00501,0.1857692307692308,0
PT-00502,0.3403846153846154,0
PT-00503,0.2715384615384615,0
PT-00504,0.4507692307692308,0
PT-00505,0.2576923076923076,0
PT-00506,-0.0096,1
PT-00507,0.6898076923076923,0
PT-00508,0.3092307692307692,0
PT-00509,0.2673076923076923,0
PT-00510,0.3261538461538461,0
PT-00511,0.1765384615384615,0
PT-00512,0.4046153846153846,0
PT-00513,0.1592307692307691,0
PT-00514,0.2049999999999999,0
PT-00515,0.9386538461538462,0
PT-00516,0.9386538461538462,0
PT-00517,0.9386538461538462,0
PT-00518,0.4838461538461538,0
PT-00519,0.7326923076923078,0
PT-00520,0.1899999999999999,0
PT-00521,0.0634615384615384,0
PT-00522,0.3992307692307693,0
PT-00523,0.9386538461538462,0
PT-00524,0.835,0
PT-00525,0.3865384615384615,0
PT-00526,0.3669230769230769,0
PT-00527,0.1553846153846153,0
PT-00528,0.2969230769230769,0
PT-00529,0.6030769230769231,0
PT-00530,0.9386538461538462,0
PT-00531,0.9386538461538462,0
PT-00532,0.2669230769230769,0
PT-00533,0.4549999999999999,0
PT-00534,0.2146153846153846,0
PT-00535,0.7751923076923077,0
PT-00536,0.3242307692307692,0
PT-00537,0.5926923076923076,0
PT-00538,0.2630769230769231,0
PT-00539,0.835,0
PT-00540,0.0792307692307692,0
PT-00541,0.5046153846153847,0
PT-00542,0.769576923076923,0
PT-00543,0.835,0
PT-00544,0.5384615384615384,0
PT-00545,0.3746153846153846,0
PT-00546,0.5753846153846154,0
PT-00547,0.835,0
PT-00548,0.835,0
PT-00549,0.6353846153846154,0
PT-00550,0.5273076923076923,0
PT-00551,0.7328846153846154,0
PT-00552,0.835,0
PT-00553,0.9386538461538462,0
PT-00554,0.0023076923076923,1
PT-00555,0.7475,0
PT-00556,0.5811538461538461,0
PT-00557,0.1003846153846154,0
PT-00558,0.2365384615384616,0
PT-00559,0.3869230769230769,0
PT-00560,0.5188461538461538,0
PT-00561,0.198076923076923,0
PT-00562,0.9386538461538462,0
PT-00563,0.1323076923076923,0
PT-00564,0.835,0
PT-00565,0.835,0
PT-00566,0.835,0
PT-00567,0.6578846153846154,0
PT-00568,0.7962307692307693,0
PT-00569,0.9386538461538462,0
PT-00570,0.3834615384615384,0
PT-00571,0.2096153846153846,0
PT-00572,0.6950000000000001,0
PT-00573,0.3492307692307692,0
PT-00574,0.835,0
PT-00575,0.4284615384615384,0
PT-00576,0.3646153846153845,0
PT-00577,0.4353846153846153,0
PT-00578,0.42,0
PT-00579,0.7213461538461539,0
PT-00580,0.2642307692307692,0
PT-00581,0.0907692307692308,0
PT-00582,0.7998076923076923,0
PT-00583,0.9386538461538462,0
PT-00584,0.7047307692307692,0
PT-00585,0.0034615384615385,1
PT-00586,0.3465384615384616,0
PT-00587,0.6663461538461539,0
PT-00588,0.3842307692307692,0
PT-00589,0.1426923076923076,0
PT-00590,0.7475,0
PT-00591,0.835,0
PT-00592,0.6561538461538461,0
PT-00593,0.4876923076923076,0
PT-00594,0.1884615384615384,0
PT-00595,0.7475,0
PT-00596,0.5042307692307693,0
PT-00597,0.7251923076923077,0
PT-00598,0.7246923076923077,0
PT-00599,0.7339230769230769,0
PT-00600,0.9386538461538462,0
PT-00601,0.6709615384615384,0
PT-00602,0.7348076923076923,0
PT-00603,0.4365384615384615,0
PT-00604,0.5865384615384616,0
PT-00605,0.6775,0
PT-00606,0.6323076923076922,0
PT-00607,0.8850769230769231,0
PT-00608,0.2619230769230769,0
PT-00609,0.7527307692307692,0
PT-00610,0.3826923076923076,0
PT-00611,0.5823076923076923,0
PT-00612,0.3096153846153846,0
PT-00613,0.835,0
PT-00614,0.6775,0
PT-00615,0.0042307692307692,1
PT-00616,0.5792307692307692,0
PT-00617,0.6917307692307693,0
PT-00618,0.0365384615384615,0
PT-00619,0.0230769230769231,1
PT-00620,0.7475,0
PT-00621,0.2542307692307692,0
PT-00622,0.64,0
PT-00623,0.9386538461538462,0
PT-00624,0.0965384615384615,0
PT-00625,0.3603846153846154,0
PT-00626,0.1603846153846153,0
PT-00627,0.4215384615384615,0
PT-00628,0.265,0
PT-00629,0.6388461538461538,0
PT-00630,0.1473076923076923,0
PT-00631,0.835,0
PT-00632,0.5346153846153846,0
PT-00633,0.7475,0
PT-00634,0.4461538461538461,0
PT-00635,0.7475,0
PT-00636,0.3638461538461538,0
PT-00637,0.1076923076923076,0
PT-00638,0.661923076923077,0
PT-00639,0.835,0
PT-00640,0.1376923076923076,0
PT-00641,0.4703846153846154,0
PT-00642,0.2434615384615385,0
PT-00643,0.7475,0
PT-00644,0.9386538461538462,0
PT-00645,0.5680769230769231,0
PT-00646,0.1746153846153846,0
PT-00647,0.7475,0
PT-00648,0.835,0
PT-00649,0.6861538461538461,0
PT-00650,0.7751923076923077,0
PT-00651,0.835,0
PT-00652,0.2811538461538462,0
PT-00653,0.6080769230769231,0
PT-00654,0.835,0
PT-00655,0.7198461538461538,0
PT-00656,0.5684615384615385,0
PT-00657,0.183076923076923,0
PT-00658,0.835,0
PT-00659,0.1326923076923076,0
PT-00660,0.4392307692307692,0
PT-00661,0.6192307692307693,0
PT-00662,0.1688461538461538,0
PT-00663,0.3792307692307692,0
PT-00664,0.433076923076923,0
PT-00665,0.3415384615384615,0
PT-00666,0.1192307692307692,0
PT-00667,0.4892307692307692,0
PT-00668,0.7073076923076923,0
PT-00669,0.1507692307692307,0
PT-00670,0.1626923076923077,0
PT-00671,0.541923076923077,0
PT-00672,0.2007692307692308,0
PT-00673,0.835,0
PT-00674,0.5011538461538462,0
PT-00675,0.1949999999999999,0
PT-00676,0.835,0
PT-00677,0.835,0
PT-00678,0.3892307692307692,0
PT-00679,0.2796153846153846,0
PT-00680,0.7476538461538462,0
PT-00681,0.3573076923076923,0
PT-00682,0.9386538461538462,0
PT-00683,0.7751923076923077,0
PT-00684,0.7226153846153847,0
PT-00685,0.5842307692307692,0
PT-00686,0.3715384615384615,0
PT-00687,0.9386538461538462,0
PT-00688,0.6930769230769231,0
PT-00689,0.3984615384615384,0
PT-00690,0.3496153846153846,0
PT-00691,0.3157692307692308,0
PT-00692,0.9386538461538462,0
PT-00693,0.5176923076923077,0
PT-00694,0.5534615384615384,0
PT-00695,0.9386538461538462,0
PT-00696,0.7751923076923077,0
PT-00697,0.835,0
PT-00698,0.4311538461538461,0
PT-00699,0.3061538461538461,0
PT-00700,0.7475,0
PT-00701,0.835,0
PT-00702,0.3630769230769231,0
PT-00703,0.1223076923076923,0
PT-00704,0.5900000000000001,0
PT-00705,0.4557692307692308,0
PT-00706,0.7541153846153846,0
PT-00707,0.835,0
PT-00708,0.9386538461538462,0
PT-00709,0.5857692307692308,0
PT-00710,0.178076923076923,0
PT-00711,0.2203846153846154,0
PT-00712,0.0111500000000001,1
PT-00713,0.0703846153846153,0
PT-00714,0.4,0
PT-00715,0.5380769230769231,0
PT-00716,0.7401538461538462,0
PT-00717,0.06,0
PT-00718,0.7437307692307693,0
PT-00719,0.6290384615384615,0
PT-00720,0.7053846153846154,0
PT-00721,0.4834615384615385,0
PT-00722,0.4088461538461538,0
PT-00723,0.7475,0
PT-00724,0.9386538461538462,0
PT-00725,0.6076923076923078,0
PT-00726,0.0111500000000001,1
PT-00727,0.6842307692307692,0
PT-00728,0.0961538461538461,0
PT-00729,0.3957692307692307,0
PT-00730,0.1219230769230769,0
PT-00731,0.6938461538461538,0
PT-00732,0.625,0
PT-00733,0.5861538461538461,0
PT-00734,0.1965384615384615,0
PT-00735,0.073076923076923,0
PT-00736,0.5907692307692307,0
PT-00737,0.835,0
PT-00738,0.3023076923076923,0
PT-00739,0.5746153846153846,0
PT-00740,0.835,0
PT-00741,0.7751923076923077,0
PT-00742,0.3753846153846154,0
PT-00743,0.2961538461538461,0
PT-00744,0.7751923076923077,0
PT-00745,0.1461538461538462,0
PT-00746,0.9386538461538462,0
PT-00747,0.7751923076923077,0
PT-00748,0.5546153846153846,0
PT-00749,0.4026923076923077,0
PT-00750,0.6709615384615384,0
PT-00751,0.0849999999999999,0
PT-00752,0.7183461538461539,0
PT-00753,0.1353846153846154,0
PT-00754,0.1357692307692307,0
PT-00755,0.1784615384615384,0
PT-00756,0.9386538461538462,0
PT-00757,0.1730769230769231,0
PT-00758,0.9386538461538462,0
PT-00759,0.7751923076923077,0
PT-00760,0.4761538461538461,0
PT-00761,0.835,0
PT-00762,0.575,0
PT-00763,0.7751923076923077,0
PT-00764,0.9386538461538462,0
PT-00765,0.6111538461538462,0
PT-00766,0.7751923076923077,0
PT-00767,0.9386538461538462,0
PT-00768,0.7475,0
PT-00769,0.9386538461538462,0
PT-00770,0.9386538461538462,0
PT-00771,0.7053846153846154,0
PT-00772,0.1792307692307692,0
PT-00773,0.1876923076923077,0
PT-00774,0.1046153846153846,0
PT-00775,0.7751923076923077,0
PT-00776,0.688076923076923,0
PT-00777,0.9386538461538462,0
PT-00778,0.3234615384615384,0
PT-00779,0.9386538461538462,0
PT-00780,0.4553846153846154,0
PT-00781,0.1269230769230769,0
PT-00782,0.2907692307692308,0
PT-00783,0.0996153846153846,0
PT-00784,0.835,0
PT-00785,0.2226923076923077,0
PT-00786,0.9386538461538462,0
PT-00787,0.6898076923076923,0
PT-00788,0.9386538461538462,0
PT-00789,0.4138461538461538,0
PT-00790,0.188076923076923,0
PT-00791,-0.0092,1
PT-00792,0.2373076923076923,0
PT-00793,0.9386538461538462,0
PT-00794,0.3796153846153846,0
PT-00795,0.7475,0
PT-00796,0.3926923076923077,0
PT-00797,0.7751923076923077,0
PT-00798,0.5219230769230769,0
PT-00799,0.3438461538461538,0
PT-00800,0.4038461538461538,0
PT-00801,0.7482307692307693,0
PT-00802,0.7171153846153846,0
PT-00803,0.453076923076923,0
PT-00804,0.9386538461538462,0
PT-00805,0.9386538461538462,0
PT-00806,0.9386538461538462,0
PT-00807,0.4496153846153846,0
PT-00808,0.7251923076923077,0
PT-00809,0.4399999999999999,0
PT-00810,0.7297692307692307,0
PT-00811,0.7475,0
PT-00812,0.7475,0
PT-00813,0.523076923076923,0
PT-00814,0.0065384615384614,1
PT-00815,0.7348076923076923,0
PT-00816,0.0053846153846154,1
PT-00817,0.5965384615384615,0
PT-00818,0.2361538461538461,0
PT-00819,0.1276923076923076,0
PT-00820,0.835,0
PT-00821,0.3076923076923077,0
PT-00822,0.3123076923076923,0
PT-00823,0.318076923076923,0
PT-00824,0.3576923076923076,0
PT-00825,0.7703846153846154,0
PT-00826,0.7751923076923077,0
PT-00827,0.9386538461538462,0
PT-00828,0.835,0
PT-00829,0.835,0
PT-00830,0.9386538461538462,0
PT-00831,0.2692307692307693,0
PT-00832,0.835,0
PT-00833,0.193076923076923,0
PT-00834,0.1826923076923077,0
PT-00835,0.4534615384615384,0
PT-00836,0.1723076923076922,0
PT-00837,0.4946153846153845,0
PT-00838,0.3807692307692307,0
PT-00839,0.3876923076923076,0
PT-00840,0.3661538461538461,0
PT-00841,0.7475,0
PT-00842,0.2511538461538461,0
PT-00843,0.2465384615384614,0
PT-00844,0.1630769230769231,0
PT-00845,0.4984615384615385,0
PT-00846,0.0088461538461538,1
PT-00847,0.6605769230769231,0
PT-00848,0.835,0
PT-00849,0.7140384615384615,0
PT-00850,0.2099999999999999,0
PT-00851,0.0861538461538461,0
PT-00852,0.4234615384615384,0
PT-00853,0.9386538461538462,0
PT-00854,0.5607692307692307,0
PT-00855,0.835,0
PT-00856,0.483076923076923,0
PT-00857,0.1023076923076923,0
PT-00858,0.1142307692307692,0
PT-00859,0.7046153846153846,0
PT-00860,0.9386538461538462,0
PT-00861,0.9386538461538462,0
PT-00862,0.2084615384615384,0
PT-00863,0.8280769230769232,0
PT-00864,0.9386538461538462,0
PT-00865,0.9386538461538462,0
PT-00866,0.478076923076923,0
PT-00867,0.6284615384615384,0
PT-00868,0.4434615384615384,0
PT-00869,0.9386538461538462,0
PT-00870,0.5092307692307692,0
PT-00871,0.2957692307692308,0
PT-00872,0.7751923076923077,0
PT-00873,0.835,0
PT-00874,0.2473076923076923,0
PT-00875,0.4023076923076922,0
PT-00876,0.2273076923076923,0
PT-00877,0.6126923076923076,0
PT-00878,0.3188461538461539,0
PT-00879,0.1296153846153845,0
PT-00880,0.9386538461538462,0
PT-00881,0.2107692307692308,0
PT-00882,0.2611538461538462,0
PT-00883,0.7251923076923077,0
PT-00884,0.835,0
PT-00885,0.3561538461538461,0
PT-00886,0.1511538461538462,0
PT-00887,0.5057692307692307,0
PT-00888,0.0865384615384615,0
PT-00889,0.1042307692307692,0
PT-00890,0.6448076923076923,0
PT-00891,0.9386538461538462,0
PT-00892,0.2476923076923076,0
PT-00893,0.9386538461538462,0
PT-00894,0.1526923076923076,0
PT-00895,0.2753846153846153,0
PT-00896,0.9386538461538462,0
PT-00897,0.5576923076923077,0
PT-00898,0.4538461538461539,0
PT-00899,0.1703846153846153,0
PT-00900,0.4165384615384615,0
PT-00901,0.1861538461538461,0
PT-00902,0.835,0
PT-00903,0.7475,0
PT-00904,0.4442307692307692,0
PT-00905,0.3253846153846154,0
PT-00906,0.2292307692307692,0
PT-00907,0.5734615384615385,0
PT-00908,0.835,0
PT-00909,0.6371153846153846,0
PT-00910,0.3538461538461538,0
PT-00911,0.9386538461538462,0
PT-00912,0.835,0
PT-00913,0.9386538461538462,0
PT-00914,0.5700000000000001,0
PT-00915,0.835,0
PT-00916,0.7251923076923077,0
PT-00917,0.3476923076923077,0
PT-00918,0.0084615384615384,1
PT-00919,0.9386538461538462,0
PT-00920,0.1692307692307691,0
PT-00921,0.4988461538461538,0
PT-00922,0.835,0
PT-00923,0.7251923076923077,0
PT-00924,0.835,0
PT-00925,0.5319230769230769,0
PT-00926,0.9386538461538462,0
PT-00927,0.4084615384615384,0
PT-00928,0.2126923076923077,0
PT-00929,0.4765384615384616,0
PT-00930,0.9386538461538462,0
PT-00931,0.1438461538461538,0
PT-00932,0.3838461538461538,0
PT-00933,0.05,0
PT-00934,0.4011538461538462,0
PT-00935,0.9386538461538462,0
PT-00936,0.835,0
PT-00937,0.0884615384615384,0
PT-00938,0.2546153846153846,0
PT-00939,0.7039230769230769,0
PT-00940,0.835,0
PT-00941,0.2984615384615384,0
PT-00942,0.3680769230769231,0
PT-00943,0.4953846153846154,0
PT-00944,0.7583846153846154,0
PT-00945,0.583076923076923,0
PT-00946,0.4576923076923077,0
PT-00947,0.9386538461538462,0
PT-00948,0.9386538461538462,0
PT-00949,0.732423076923077,0
PT-00950,0.9386538461538462,0
PT-00951,0.835,0
PT-00952,0.3938461538461538,0
PT-00953,0.068076923076923,0
PT-00954,0.4042307692307693,0
PT-00955,0.0826923076923077,0
PT-00956,0.835,0
PT-00957,0.835,0
PT-00958,0.2565384615384615,0
PT-00959,0.6136538461538461,0
PT-00960,0.9386538461538462,0
PT-00961,0.2411538461538461,0
PT-00962,0.5111538461538462,0
PT-00963,0.835,0
PT-00964,0.3457692307692307,0
PT-00965,0.2707692307692307,0
PT-00966,0.3896153846153846,0
PT-00967,0.835,0
PT-00968,0.9386538461538462,0
PT-00969,0.2784615384615384,0
PT-00970,0.9386538461538462,0
PT-00971,0.1796153846153846,0
PT-00972,0.7751923076923077,0
PT-00973,0.525,0
PT-00974,0.835,0
PT-00975,0.4346153846153846,0
PT-00976,0.7751923076923077,0
PT-00977,0.9386538461538462,0
PT-00978,0.4115384615384615,0
PT-00979,0.6407692307692308,0
PT-00980,0.29,0
PT-00981,0.5569230769230769,0
PT-00982,0.4457692307692308,0
PT-00983,0.9386538461538462,0
PT-00984,0.0603846153846153,0
PT-00985,0.31,0
PT-00986,0.9386538461538462,0
PT-00987,0.088076923076923,0
PT-00988,0.4619230769230769,0
PT-00989,0.5930769230769231,0
PT-00990,0.4969230769230769,0
PT-00991,0.573076923076923,0
PT-00992,0.5315384615384615,0
PT-00993,0.9386538461538462,0
PT-00994,0.2588461538461538,0
PT-00995,0.7804230769230769,0
PT-00996,0.9386538461538462,0
PT-00997,0.6988461538461539,0
PT-00998,0.7475,0
PT-00999,0.5196153846153846,0
PT-01000,0.3249999999999999,0
PT-01001,0.7171153846153846,0
PT-01002,0.5934615384615385,0
PT-01003,0.2488461538461538,0
PT-01004,0.303076923076923,0
PT-01005,0.2457692307692307,0
PT-01006,0.6107692307692307,0
PT-01007,0.1738461538461538,0
PT-01008,0.7071538461538462,0
PT-01009,0.3676923076923076,0
PT-01010,0.3399999999999999,0
PT-01011,0.3773076923076923,0
PT-01012,0.6415384615384616,0
PT-01013,0.835,0
PT-01014,0.6219230769230769,0
PT-01015,0.9386538461538462,0
PT-01016,0.1184615384615385,0
PT-01017,0.6173076923076923,0
PT-01018,0.8003846153846154,0
PT-01019,0.7475,0
PT-01020,0.4846153846153846,0
PT-01021,0.5476923076923077,0
PT-01022,0.7349615384615384,0
PT-01023,0.2903846153846153,0
PT-01024,-0.0092,1
PT-01025,0.7251923076923077,0
PT-01026,0.1996153846153846,0
PT-01027,0.7096153846153845,0
PT-01028,0.4511538461538461,0
PT-01029,0.835,0
PT-01030,0.0184615384615384,1
PT-01031,0.6461538461538461,0
PT-01032,0.835,0
PT-01033,0.9386538461538462,0
PT-01034,0.835,0
PT-01035,0.9386538461538462,0
PT-01036,0.1453846153846153,0
PT-01037,0.2496153846153845,0
PT-01038,0.7251923076923077,0
PT-01039,0.835,0
PT-01040,0.4942307692307692,0
PT-01041,0.7163846153846154,0
PT-01042,0.1853846153846153,0
PT-01043,0.5973076923076923,0
PT-01044,0.1411538461538461,0
PT-01045,0.7751923076923077,0
PT-01046,0.7171153846153846,0
PT-01047,0.62,0
PT-01048,0.9386538461538462,0
PT-01049,0.4923076923076923,0
PT-01050,0.203076923076923,0
PT-01051,0.6178846153846154,0
PT-01052,0.1211538461538461,0
PT-01053,0.4257692307692308,0
PT-01054,0.2603846153846154,0
PT-01055,0.835,0
PT-01056,0.6598076923076923,0
PT-01057,-0.0093,1
PT-01058,0.835,0
PT-01059,0.2765384615384615,0
PT-01060,0.3292307692307692,0
PT-01061,0.6034615384615385,0
PT-01062,0.5169230769230769,0
PT-01063,0.7251923076923077,0
PT-01064,0.9386538461538462,0
PT-01065,0.2249999999999999,0
PT-01066,0.2826923076923077,0
PT-01067,0.0161538461538461,1
PT-01068,0.7499615384615385,0
PT-01069,0.7475,0
PT-01070,0.563076923076923,0
PT-01071,0.0976923076923077,0
PT-01072,0.0357692307692307,0
PT-01073,0.835,0
PT-01074,0.6023076923076923,0
PT-01075,0.5580769230769231,0
PT-01076,0.1442307692307692,0
PT-01077,0.0330769230769231,0
PT-01078,0.6371153846153846,0
PT-01079,0.4588461538461538,0
PT-01080,0.1049999999999999,0
PT-01081,0.7053846153846154,0
PT-01082,0.1838461538461538,0
PT-01083,0.5003846153846154,0
PT-01084,0.0953846153846154,0
PT-01085,0.7230769230769231,0
PT-01086,0.7121153846153846,0
PT-01087,0.1907692307692308,0
PT-01088,0.435,0
PT-01089,0.4919230769230769,0
PT-01090,0.3203846153846154,0
PT-01091,0.2553846153846154,0
PT-01092,0.3634615384615385,0
PT-01093,0.7041538461538461,0
PT-01094,0.835,0
PT-01095,0.1480769230769231,0
PT-01096,0.9386538461538462,0
PT-01097,0.7475,0
PT-01098,0.7251923076923077,0
PT-01099,0.4007692307692307,0
PT-01100,0.2976923076923077,0
PT-01101,0.7751923076923077,0
PT-01102,0.9386538461538462,0
PT-01103,0.835,0
PT-01104,-0.0100999999999999,1
PT-01105,0.7491538461538462,0
PT-01106,0.2653846153846153,0
PT-01107,0.7251923076923077,0
PT-01108,0.4657692307692308,0
PT-01109,0.2353846153846154,0
PT-01110,0.9386538461538462,0
PT-01111,0.7334615384615384,0
PT-01112,0.4061538461538462,0
PT-01113,0.9386538461538462,0
PT-01114,0.395,0
PT-01115,0.0111500000000001,1
PT-01116,0.835,0
PT-01117,0.9386538461538462,0
PT-01118,0.6184615384615384,0
PT-01119,0.1834615384615384,0
PT-01120,0.9386538461538462,0
PT-01121,0.835,0
PT-01122,0.1634615384615384,0
PT-01123,0.7171153846153846,0
PT-01124,0.5392307692307692,0
PT-01125,0.3526923076923076,0
PT-01126,0.9386538461538462,0
PT-01127,0.3057692307692308,0
PT-01128,0.5234615384615384,0
PT-01129,0.4865384615384616,0
PT-01130,0.5323076923076924,0
PT-01131,0.4030769230769231,0
PT-01132,0.4161538461538462,0
PT-01133,0.3273076923076923,0
PT-01134,0.3684615384615385,0
PT-01135,0.1846153846153846,0
PT-01136,0.0261538461538461,1
PT-01137,0.0019230769230769,1
PT-01138,0.0773076923076923,0
PT-01139,0.5288461538461539,0
PT-01140,0.1292307692307692,0
PT-01141,0.0111500000000001,1
PT-01142,0.2973076923076923,0
PT-01143,0.2169230769230768,0
PT-01144,0.9386538461538462,0
PT-01145,-0.018,1
PT-01146,0.4211538461538461,0
PT-01147,0.7251923076923077,0
PT-01148,0.2276923076923076,0
PT-01149,-0.0121999999999999,1
PT-01150,0.24,0
PT-01151,0.4492307692307692,0
PT-01152,0.5265384615384615,0
PT-01153,0.4292307692307692,0
PT-01154,0.5342307692307693,0
PT-01155,0.9386538461538462,0
PT-01156,0.9386538461538462,0
PT-01157,0.7100384615384616,0
PT-01158,0.7475,0
PT-01159,0.2734615384615384,0
PT-01160,0.7274615384615385,0
PT-01161,0.7475,0
PT-01162,0.3769230769230769,0
PT-01163,0.285,0
PT-01164,0.4096153846153846,0
PT-01165,0.4288461538461539,0
PT-01166,0.2284615384615385,0
PT-01167,0.835,0
PT-01168,0.1719230769230769,0
PT-01169,0.6509615384615385,0
PT-01170,0.6476923076923077,0
PT-01171,0.17,0
PT-01172,0.5584615384615385,0
PT-01173,0.5453846153846154,0
PT-01174,0.835,0
PT-01175,0.4503846153846154,0
PT-01176,0.083076923076923,0
PT-01177,0.4653846153846154,0
PT-01178,0.0573076923076922,0
PT-01179,0.6161538461538462,0
PT-01180,0.9386538461538462,0
PT-01181,0.7128076923076923,0
PT-01182,0.1015384615384615,0
PT-01183,0.6342307692307692,0
PT-01184,0.6084615384615384,0
PT-01185,0.2873076923076922,0
PT-01186,0.4961538461538461,0
PT-01187,0.5357692307692308,0
PT-01188,0.9386538461538462,0
PT-01189,0.1953846153846153,0
PT-01190,0.6790384615384615,0
PT-01191,0.7140384615384615,0
PT-01192,0.6709615384615384,0
PT-01193,0.1234615384615385,0
PT-01194,0.0173076923076923,1
PT-01195,0.2730769230769231,0
PT-01196,0.1423076923076923,0
PT-01197,0.6663461538461539,0
PT-01198,0.9386538461538462,0
PT-01199,0.7251923076923077,0
PT-01200,0.4173076923076922,0
PT-01201,0.0253846153846153,1
PT-01202,0.0011538461538461,1
PT-01203,0.65,0
PT-01204,0.1369230769230769,0
PT-01205,0.7751923076923077,0
PT-01206,0.7751923076923077,0
PT-01207,0.3411538461538461,0
PT-01208,0.9386538461538462,0
PT-01209,0.4901923076923077,0
PT-01210,0.7251923076923077,0
PT-01211,0.591923076923077,0
PT-01212,0.1515384615384615,0
PT-01213,-0.0095,1
PT-01214,0.5015384615384615,0
PT-01215,0.6219230769230769,0
PT-01216,0.055,0
PT-01217,0.0188461538461538,1
PT-01218,0.0473076923076922,0
PT-01219,0.5388461538461539,0
PT-01220,0.6142307692307692,0
PT-01221,0.7475,0
PT-01222,0.3334615384615385,0
PT-01223,0.2853846153846153,0
PT-01224,0.1465384615384615,0
PT-01225,0.9386538461538462,0
PT-01226,0.7096153846153845,0
PT-01227,0.2211538461538461,0
PT-01228,0.9386538461538462,0
PT-01229,0.1823076923076922,0
PT-01230,0.0523076923076922,0
PT-01231,0.4438461538461539,0
PT-01232,0.218076923076923,0
PT-01233,0.6246153846153846,0
PT-01234,0.2257692307692307,0
PT-01235,0.5349999999999999,0
PT-01236,0.9386538461538462,0
PT-01237,0.3930769230769231,0
PT-01238,0.0430769230769231,0
PT-01239,0.6011538461538461,0
PT-01240,0.4226923076923077,0
PT-01241,0.5834615384615385,0
PT-01242,0.3361538461538461,0
PT-01243,0.648076923076923,0
PT-01244,0.2261538461538461,0
PT-01245,0.0411538461538462,0
PT-01246,0.835,0
PT-01247,0.5423076923076924,0
PT-01248,0.835,0
PT-01249,0.6586538461538461,0
PT-01250,0.3115384615384615,0
PT-01251,0.0280769230769231,0
PT-01252,0.4957692307692307,0
PT-01253,0.9386538461538462,0
PT-01254,0.6219230769230769,0
PT-01255,0.1753846153846153,0
PT-01256,0.025,1
PT-01257,0.63,0
PT-01258,0.1999999999999999,0
PT-01259,0.9386538461538462,0
PT-01260,0.4319230769230769,0
PT-01261,0.7475,0
PT-01262,0.1573076923076922,0
PT-01263,0.835,0
PT-01264,0.835,0
PT-01265,0.1642307692307691,0
PT-01266,0.7251923076923077,0
PT-01267,0.4369230769230769,0
PT-01268,0.4976923076923076,0
PT-01269,0.9386538461538462,0
PT-01270,0.28,0
PT-01271,0.4573076923076923,0
PT-01272,0.1061538461538461,0
PT-01273,0.2461538461538461,0
PT-01274,0.058076923076923,0
PT-01275,0.5207692307692308,0
PT-01276,0.9386538461538462,0
PT-01277,0.6153846153846154,0
PT-01278,0.9386538461538462,0
PT-01279,0.0765384615384615,0
PT-01280,0.6611538461538462,0
PT-01281,0.3426923076923077,0
PT-01282,0.9386538461538462,0
PT-01283,0.4784615384615385,0
PT-01284,0.7096153846153845,0
PT-01285,0.1503846153846153,0
PT-01286,0.3673076923076923,0
PT-01287,0.2057692307692308,0
PT-01288,0.6123076923076923,0
PT-01289,0.835,0
PT-01290,0.5726923076923076,0
PT-01291,0.2149999999999999,0
PT-01292,0.48,0
PT-01293,0.9386538461538462,0
PT-01294,0.835,0
PT-01295,0.835,0
PT-01296,0.3296153846153846,0
PT-01297,0.0807692307692308,0
PT-01298,0.0476923076923077,0
PT-01299,0.7251923076923077,0
PT-01300,0.0903846153846154,0
PT-01301,0.463076923076923,0
PT-01302,0.9386538461538462,0
PT-01303,0.9386538461538462,0
PT-01304,0.3434615384615385,0
PT-01305,0.9386538461538462,0
PT-01306,0.835,0
PT-01307,0.6311538461538462,0
PT-01308,0.0553846153846153,0
PT-01309,0.6709615384615384,0
PT-01310,0.2199999999999999,0
PT-01311,0.6663461538461539,0
PT-01312,0.6763461538461538,0
PT-01313,0.5596153846153846,0
PT-01314,0.7751923076923077,0
PT-01315,0.7475,0
PT-01316,0.5738461538461539,0
PT-01317,0.6430769230769231,0
PT-01318,0.7475,0
PT-01319,0.9386538461538462,0
PT-01320,0.835,0
PT-01321,0.1973076923076923,0
PT-01322,0.3323076923076923,0
PT-01323,0.7751923076923077,0
PT-01324,0.5396153846153846,0
PT-01325,0.5134615384615384,0
PT-01326,0.5296153846153846,0
PT-01327,0.2803846153846153,0
PT-01328,0.6626923076923077,0
PT-01329,0.4638461538461538,0
PT-01330,0.835,0
PT-01331,0.2023076923076923,0
PT-01332,0.835,0
PT-01333,0.4907692307692307,0
PT-01334,0.6396153846153847,0
PT-01335,0.515,0
PT-01336,0.1107692307692307,0
PT-01337,0.0646153846153846,0
PT-01338,0.6832692307692307,0
PT-01339,0.6357692307692308,0
PT-01340,0.3623076923076923,0
PT-01341,0.4015384615384615,0
PT-01342,0.2123076923076923,0
PT-01343,0.5634615384615385,0
PT-01344,0.0061538461538461,1
PT-01345,0.9386538461538462,0
PT-01346,0.5246153846153846,0
PT-01347,0.3161538461538461,0
PT-01348,-0.0100999999999999,1
PT-01349,0.835,0
PT-01350,0.835,0
PT-01351,0.1561538461538462,0
PT-01352,0.1226923076923076,0
PT-01353,0.0219230769230769,1
PT-01354,0.25,0
PT-01355,0.2776923076923077,0
PT-01356,0.7475,0
PT-01357,0.835,0
PT-01358,0.9386538461538462,0
PT-01359,0.3519230769230769,0
PT-01360,0.0111500000000001,1
PT-01361,0.2596153846153846,0
PT-01362,0.5311538461538461,0
PT-01363,0.9386538461538462,0
PT-01364,0.7751923076923077,0
PT-01365,0.2953846153846153,0
PT-01366,0.053076923076923,0
PT-01367,0.3199999999999999,0
PT-01368,0.0788461538461539,0
PT-01369,0.9386538461538462,0
PT-01370,0.3823076923076923,0
PT-01371,0.588076923076923,0
PT-01372,0.5638461538461539,0
PT-01373,0.3338461538461538,0
PT-01374,0.2326923076923076,0
PT-01375,0.9386538461538462,0
PT-01376,0.355,0
PT-01377,0.4449999999999999,0
PT-01378,0.6917307692307693,0
PT-01379,0.1307692307692307,0
PT-01380,0.4901923076923077,0
PT-01381,0.0234615384615384,1
PT-01382,0.7751923076923077,0
PT-01383,0.835,0
PT-01384,-0.0094,1
PT-01385,0.9386538461538462,0
PT-01386,0.7751923076923077,0
PT-01387,0.1715384615384615,0
PT-01388,0.7251923076923077,0
PT-01389,0.7348076923076923,0
PT-01390,0.7751923076923077,0
PT-01391,0.9386538461538462,0
PT-01392,0.4499999999999999,0
PT-01393,0.6546153846153846,0
PT-01394,0.0642307692307692,0
PT-01395,0.7083076923076923,0
PT-01396,0.0123076923076923,1
PT-01397,-0.012,1
PT-01398,0.2153846153846154,0
PT-01399,0.7140384615384615,0
PT-01400,-0.0172000000000001,1
PT-01401,0.5703846153846154,0
PT-01402,0.835,0
PT-01403,0.6426923076923077,0
PT-01404,0.4634615384615385,0
PT-01405,0.5803846153846154,0
PT-01406,0.0265384615384615,0
PT-01407,0.1734615384615384,0
PT-01408,0.4992307692307692,0
PT-01409,0.3626923076923076,0
PT-01410,0.9386538461538462,0
PT-01411,0.9386538461538462,0
PT-01412,0.5642307692307693,0
PT-01413,0.4373076923076923,0
PT-01414,0.4669230769230769,0
PT-01415,0.0665384615384615,0
PT-01416,0.9386538461538462,0
PT-01417,0.4361538461538461,0
PT-01418,0.2073076923076923,0
PT-01419,0.5788461538461538,0
PT-01420,0.7921153846153846,0
PT-01421,0.7158076923076924,0
PT-01422,0.7243461538461539,0
PT-01423,0.9386538461538462,0
PT-01424,0.1207692307692307,0
PT-01425,0.3742307692307692,0
PT-01426,0.7251923076923077,0
PT-01427,0.305,0
PT-01428,0.5084615384615385,0
PT-01429,0.6826923076923077,0
PT-01430,0.2234615384615385,0
PT-01431,0.1942307692307692,0
PT-01432,0.0111500000000001,1
PT-01433,0.7751923076923077,0
PT-01434,0.9386538461538462,0
PT-01435,0.835,0
PT-01436,0.3276923076923077,0
PT-01437,0.0684615384615384,0
PT-01438,0.7475,0
PT-01439,0.835,0
PT-01440,0.1388461538461538,0
PT-01441,0.9386538461538462,0
PT-01442,0.7009615384615384,0
PT-01443,0.1534615384615384,0
PT-01444,0.9386538461538462,0
PT-01445,0.1280769230769231,0
PT-01446,0.5873076923076923,0
PT-01447,0.0338461538461538,0
PT-01448,0.7167307692307692,0
PT-01449,0.9386538461538462,0
PT-01450,0.9386538461538462,0
PT-01451,0.9386538461538462,0
PT-01452,0.9386538461538462,0
PT-01453,0.3484615384615385,0
PT-01454,0.9386538461538462,0
PT-01455,0.6709615384615384,0
PT-01456,0.835,0
PT-01457,0.0111500000000001,1
PT-01458,0.1311538461538461,0
PT-01459,0.6709615384615384,0
PT-01460,0.9386538461538462,0
PT-01461,0.2780769230769231,0
PT-01462,0.835,0
PT-01463,0.2857692307692308,0
PT-01464,0.9386538461538462,0
PT-01465,0.2003846153846153,0
PT-01466,0.6746153846153846,0
PT-01467,0.625576923076923,0
PT-01468,0.9386538461538462,0
PT-01469,0.9386538461538462,0
PT-01470,0.5711538461538461,0
PT-01471,0.3003846153846153,0
PT-01472,0.9386538461538462,0
PT-01473,0.9386538461538462,0
PT-01474,0.2623076923076923,0
PT-01475,0.9386538461538462,0
PT-01476,0.3788461538461538,0
PT-01477,0.835,0
PT-01478,0.5215384615384615,0
PT-01479,0.835,0
PT-01480,0.835,0
PT-01481,0.2342307692307692,0
PT-01482,0.1596153846153846,0
PT-01483,0.6709615384615384,0
PT-01484,0.3284615384615384,0
PT-01485,0.2711538461538462,0
PT-01486,0.3961538461538462,0
PT-01487,0.415,0
PT-01488,0.9386538461538462,0
PT-01489,0.7323076923076923,0
PT-01490,0.5065384615384616,0
PT-01491,0.7102692307692308,0
PT-01492,0.5886538461538462,0
PT-01493,0.1911538461538461,0
PT-01494,0.7024230769230769,0
PT-01495,0.0803846153846153,0
PT-01496,0.118076923076923,0
PT-01497,0.1126923076923076,0
PT-01498,0.4688461538461538,0
PT-01499,0.5823076923076923,0
PT-01500,0.2299999999999999,0
PT-01501,0.9386538461538462,0
PT-01502,0.0988461538461538,0
PT-01503,0.2815384615384615,0
PT-01504,0.2384615384615385,0
PT-01505,0.835,0
PT-01506,0.7050769230769232,0
PT-01507,0.2246153846153846,0
PT-01508,0.9386538461538462,0
PT-01509,0.9386538461538462,0
PT-01510,0.6907692307692308,0
PT-01511,0.9386538461538462,0
PT-01512,0.13,0
PT-01513,0.835,0
PT-01514,0.1446153846153846,0
PT-01515,0.9386538461538462,0
PT-01516,0.3523076923076923,0
PT-01517,0.6334615384615385,0
PT-01518,0.6988461538461539,0
PT-01519,0.5646153846153846,0
PT-01520,0.2173076923076923,0
PT-01521,0.4684615384615385,0
PT-01522,0.0111500000000001,1
PT-01523,0.5069230769230769,0
PT-01524,0.1088461538461538,0
PT-01525,0.6403846153846153,0
PT-01526,0.5707692307692307,0
PT-01527,0.9386538461538462,0
PT-01528,0.3353846153846154,0
PT-01529,0.2996153846153846,0
PT-01530,0.6973076923076923,0
PT-01531,0.3988461538461538,0
PT-01532,0.7584615384615385,0
PT-01533,0.3596153846153846,0
PT-01534,0.835,0
PT-01535,0.0111500000000001,1
PT-01536,0.2719230769230769,0
PT-01537,0.0896153846153846,0
PT-01538,0.5553846153846154,0
PT-01539,0.9386538461538462,0
PT-01540,0.835,0
PT-01541,0.3384615384615385,0
PT-01542,0.9386538461538462,0
PT-01543,0.0396153846153846,0
PT-01544,0.5876923076923077,0
PT-01545,0.2561538461538462,0
PT-01546,0.3042307692307692,0
PT-01547,0.0423076923076922,0
PT-01548,0.5023076923076923,0
PT-01549,0.6565384615384615,0
PT-01550,0.835,0
PT-01551,0.7754615384615384,0
PT-01552,0.6523076923076923,0
PT-01553,0.045,0
PT-01554,0.9386538461538462,0
PT-01555,0.6738461538461539,0
PT-01556,0.3880769230769231,0
PT-01557,0.2788461538461538,0
PT-01558,0.1623076923076922,0
PT-01559,0.3588461538461538,0
PT-01560,0.9386538461538462,0
PT-01561,0.5796153846153846,0
PT-01562,0.1334615384615384,0
PT-01563,0.9386538461538462,0
PT-01564,0.9386538461538462,0
PT-01565,0.2138461538461538,0
PT-01566,0.7195,0
PT-01567,0.0999999999999999,0
PT-01568,0.7751923076923077,0
PT-01569,0.3446153846153846,0
PT-01570,0.553076923076923,0
PT-01571,0.4646153846153846,0
PT-01572,0.3996153846153846,0
PT-01573,0.7751923076923077,0
PT-01574,0.6534615384615385,0
PT-01575,0.9386538461538462,0
PT-01576,0.5076923076923077,0
PT-01577,0.9386538461538462,0
PT-01578,0.3815384615384615,0
PT-01579,0.2223076923076923,0
PT-01580,0.9386538461538462,0
PT-01581,0.0269230769230769,0
PT-01582,0.3269230769230768,0
PT-01583,0.3215384615384615,0
PT-01584,0.835,0
PT-01585,0.5184615384615385,0
PT-01586,0.6519230769230769,0
PT-01587,0.3696153846153845,0
PT-01588,0.1288461538461538,0
PT-01589,0.2657692307692307,0
PT-01590,0.835,0
PT-01591,0.2357692307692307,0
PT-01592,0.5180769230769231,0
PT-01593,0.9386538461538462,0
PT-01594,0.4111538461538462,0
PT-01595,0.505,0
PT-01596,0.2311538461538461,0
PT-01597,0.7251923076923077,0
PT-01598,0.9386538461538462,0
PT-01599,0.1153846153846154,0
PT-01600,0.7057692307692308,0
PT-01601,0.7137307692307693,0
PT-01602,0.835,0
PT-01603,0.4230769230769231,0
PT-01604,0.5138461538461538,0
PT-01605,0.835,0
PT-01606,0.6146153846153846,0
PT-01607,0.235,0
PT-01608,0.1319230769230769,0
PT-01609,0.2911538461538462,0
PT-01610,0.0596153846153846,0
PT-01611,0.0057692307692307,1
PT-01612,0.3046153846153846,0
PT-01613,0.6371153846153846,0
PT-01614,0.0319230769230769,0
PT-01615,0.835,0
PT-01616,0.7566538461538461,0
PT-01617,0.7475,0
PT-01618,0.0007692307692307,1
PT-01619,0.835,0
PT-01620,0.7751923076923077,0
PT-01621,0.1253846153846154,0
PT-01622,0.3223076923076923,0
PT-01623,0.3557692307692307,0
PT-01624,0.4276923076923077,0
PT-01625,0.1892307692307692,0
PT-01626,0.6663461538461539,0
PT-01627,0.9386538461538462,0
PT-01628,0.458076923076923,0
PT-01629,0.5911538461538461,0
PT-01630,0.55,0
PT-01631,0.835,0
PT-01632,0.835,0
PT-01633,0.4053846153846153,0
PT-01634,0.6219230769230769,0
PT-01635,0.678076923076923,0
PT-01636,0.2646153846153846,0
PT-01637,0.1346153846153845,0
PT-01638,0.6007692307692307,0
PT-01639,0.468076923076923,0
PT-01640,0.9386538461538462,0
PT-01641,0.835,0
PT-01642,0.9386538461538462,0
PT-01643,0.835,0
PT-01644,0.175,0
PT-01645,0.6073076923076923,0
PT-01646,0.4711538461538461,0
PT-01647,0.6096153846153847,0
PT-01648,0.7251538461538461,0
PT-01649,0.0784615384615384,0
PT-01650,0.2296153846153846,0
PT-01651,0.5676923076923077,0
PT-01652,0.6326923076923077,0
PT-01653,0.5365384615384615,0
PT-01654,0.835,0
PT-01655,0.0438461538461538,0
PT-01656,0.5688461538461538,0
PT-01657,0.125,0
PT-01658,0.6371153846153846,0
PT-01659,0.7751923076923077,0
PT-01660,0.7751923076923077,0
PT-01661,-0.0155,1
PT-01662,0.5869230769230769,0
PT-01663,0.835,0
PT-01664,0.6871153846153846,0
PT-01665,0.2403846153846154,0
PT-01666,0.7096153846153845,0
PT-01667,0.9386538461538462,0
PT-01668,0.4911538461538461,0
PT-01669,0.145,0
PT-01670,0.2676923076923077,0
PT-01671,0.9386538461538462,0
PT-01672,0.9386538461538462,0
PT-01673,0.9386538461538462,0
PT-01674,0.2526923076923076,0
PT-01675,0.7133846153846154,0
PT-01676,0.4526923076923077,0
PT-01677,0.5807692307692307,0
PT-01678,0.3288461538461539,0
PT-01679,0.7096153846153845,0
PT-01680,0.9386538461538462,0
PT-01681,0.2696153846153846,0
PT-01682,0.308076923076923,0
PT-01683,0.4603846153846154,0
PT-01684,0.165,0
PT-01685,0.2757692307692307,0
PT-01686,0.5557692307692308,0
PT-01687,0.4896153846153845,0
PT-01688,0.2519230769230769,0
PT-01689,0.4623076923076923,0
PT-01690,0.063076923076923,0
PT-01691,0.4407692307692308,0
PT-01692,0.2530769230769231,0
PT-01693,0.0223076923076923,1
PT-01694,0.835,0
PT-01695,0.9386538461538462,0
PT-01696,0.3665384615384616,0
PT-01697,0.5307692307692308,0
PT-01698,0.3442307692307692,0
PT-01699,0.5957692307692308,0
PT-01700,0.9386538461538462,0
PT-01701,0.9386538461538462,0
PT-01702,0.5088461538461538,0
PT-01703,0.6057692307692308,0
PT-01704,0.9386538461538462,0
PT-01705,0.7364615384615385,0
PT-01706,0.835,0
PT-01707,0.5107692307692308,0
PT-01708,0.5153846153846153,0
PT-01709,0.3103846153846153,0
PT-01710,0.2176923076923077,0
PT-01711,0.2438461538461538,0
PT-01712,0.835,0
PT-01713,0.727,0
PT-01714,0.6092307692307692,0
PT-01715,0.2111538461538461,0
PT-01716,0.5696153846153846,0
PT-01717,0.3503846153846154,0
PT-01718,0.5338461538461539,0
PT-01719,0.9386538461538462,0
PT-01720,0.1038461538461538,0
PT-01721,0.7751923076923077,0
PT-01722,0.4411538461538461,0
PT-01723,0.4880769230769231,0
PT-01724,0.7077307692307693,0
PT-01725,0.3584615384615385,0
PT-01726,0.6338461538461538,0
PT-01727,0.7340384615384616,0
PT-01728,0.7096153846153845,0
PT-01729,0.7751923076923077,0
PT-01730,0.835,0
PT-01731,0.155,0
PT-01732,0.9386538461538462,0
PT-01733,0.5226923076923077,0
PT-01734,0.2088461538461538,0
PT-01735,0.9386538461538462,0
PT-01736,0.3923076923076923,0
PT-01737,0.3184615384615384,0
PT-01738,0.1361538461538461,0
PT-01739,0.3657692307692307,0
PT-01740,0.5007692307692307,0
PT-01741,0.4384615384615384,0
PT-01742,0.1726923076923077,0
PT-01743,0.7475,0
PT-01744,0.2926923076923077,0
PT-01745,0.9386538461538462,0
PT-01746,0.9386538461538462,0
PT-01747,0.1619230769230769,0
PT-01748,0.6492307692307693,0
PT-01749,0.835,0
PT-01750,0.6988461538461539,0
PT-01751,0.3419230769230769,0
PT-01752,0.7603461538461538,0
PT-01753,0.9386538461538462,0
PT-01754,0.0092307692307692,1
PT-01755,0.5376923076923077,0
PT-01756,0.0307692307692307,0
PT-01757,0.9386538461538462,0
PT-01758,0.9386538461538462,0
PT-01759,0.5242307692307693,0
PT-01760,0.1019230769230769,0
PT-01761,0.56,0
PT-01762,0.0111500000000001,1
PT-01763,0.835,0
PT-01764,0.5261538461538462,0
PT-01765,0.4134615384615384,0
PT-01766,0.2830769230769231,0
PT-01767,0.3349999999999999,0
PT-01768,0.9386538461538462,0
PT-01769,0.6988461538461539,0
PT-01770,0.6319230769230769,0
PT-01771,0.4853846153846154,0
PT-01772,0.7113076923076923,0
PT-01773,0.0380769230769231,0
PT-01774,0.6642307692307692,0
PT-01775,0.4857692307692307,0
PT-01776,0.0761538461538461,0
PT-01777,0.5448076923076923,0
PT-01778,0.8272692307692308,0
PT-01779,0.3884615384615384,0
PT-01780,0.5515384615384615,0
PT-01781,0.295,0
PT-01782,0.9386538461538462,0
PT-01783,0.1396153846153845,0
PT-01784,0.3111538461538461,0
PT-01785,0.835,0
PT-01786,0.9386538461538462,0
PT-01787,0.1246153846153845,0
PT-01788,0.7201923076923077,0
PT-01789,0.4296153846153846,0
PT-01790,0.1530769230769231,0
PT-01791,0.3069230769230769,0
PT-01792,0.3619230769230769,0
PT-01793,0.4823076923076923,0
PT-01794,0.9386538461538462,0
PT-01795,0.9386538461538462,0
PT-01796,0.2103846153846154,0
PT-01797,0.2869230769230769,0
PT-01798,0.3369230769230769,0
PT-01799,0.7218076923076924,0
PT-01800,0.6615384615384615,0
PT-01801,0.228076923076923,0
PT-01802,0.2215384615384615,0
PT-01803,0.4938461538461538,0
PT-01804,0.6598076923076923,0
PT-01805,0.3719230769230769,0
PT-01806,0.5192307692307692,0
PT-01807,0.9386538461538462,0
PT-01808,0.5030769230769231,0
PT-01809,0.2888461538461538,0
PT-01810,0.5142307692307693,0
PT-01811,0.5992307692307692,0
PT-01812,0.3911538461538462,0
PT-01813,0.9386538461538462,0
PT-01814,0.5496153846153846,0
PT-01815,0.2469230769230769,0
PT-01816,0.5846153846153845,0
PT-01817,0.835,0
PT-01818,0.3515384615384616,0
PT-01819,0.0073076923076923,1
PT-01820,0.9386538461538462,0
PT-01821,0.6930769230769231,0
PT-01822,0.1403846153846153,0
PT-01823,0.6809615384615384,0
PT-01824,-0.0128999999999999,1
PT-01825,0.5173076923076922,0
PT-01826,0.4119230769230769,0
PT-01827,0.005,1
PT-01828,0.6065384615384615,0
PT-01829,0.747423076923077,0
PT-01830,0.3615384615384616,0
PT-01831,0.7028846153846153,0
PT-01832,0.4273076923076923,0
PT-01833,0.835,0
PT-01834,0.6605769230769231,0
PT-01835,0.4996153846153846,0
PT-01836,0.2415384615384616,0
PT-01837,0.7475,0
PT-01838,0.6755769230769231,0
PT-01839,0.835,0
PT-01840,0.2034615384615384,0
PT-01841,0.7475,0
PT-01842,0.835,0
PT-01843,0.0111500000000001,1
PT-01844,0.1976923076923077,0
PT-01845,0.5523076923076924,0
PT-01846,0.9386538461538462,0
PT-01847,0.5669230769230769,0
PT-01848,0.7053846153846154,0
PT-01849,0.6871153846153846,0
PT-01850,0.5161538461538462,0
PT-01851,0.9386538461538462,0
PT-01852,0.9386538461538462,0
PT-01853,0.2626923076923076,0
PT-01854,0.835,0
PT-01855,0.9386538461538462,0
PT-01856,0.343076923076923,0
PT-01857,0.7146538461538462,0
PT-01858,0.9386538461538462,0
PT-01859,0.7227307692307692,0
PT-01860,0.835,0
PT-01861,0.0534615384615384,0
PT-01862,0.4073076923076922,0
PT-01863,0.093076923076923,0
PT-01864,0.835,0
PT-01865,0.7409615384615384,0
PT-01866,0.777423076923077,0
PT-01867,0.6809615384615384,0
PT-01868,0.9386538461538462,0
PT-01869,0.6061538461538462,0
PT-01870,0.8294615384615385,0
PT-01871,0.43,0
PT-01872,0.1696153846153846,0
PT-01873,0.0776923076923077,0
PT-01874,0.4569230769230769,0
PT-01875,0.6392307692307693,0
PT-01876,0.2115384615384615,0
PT-01877,0.4565384615384615,0
PT-01878,0.6238461538461538,0
PT-01879,0.6419230769230769,0
PT-01880,0.9386538461538462,0
PT-01881,0.9386538461538462,0
PT-01882,0.835,0
PT-01883,0.7140384615384615,0
PT-01884,0.0361538461538462,0
PT-01885,0.1523076923076922,0
PT-01886,0.9386538461538462,0
PT-01887,0.9386538461538462,0
PT-01888,0.0853846153846153,0
PT-01889,0.9386538461538462,0
PT-01890,0.4338461538461539,0
PT-01891,0.3026923076923077,0
PT-01892,0.2876923076923077,0
PT-01893,0.438076923076923,0
PT-01894,0.7475,0
PT-01895,0.7282692307692308,0
PT-01896,0.4423076923076923,0
PT-01897,0.4107692307692308,0
PT-01898,0.4446153846153846,0
PT-01899,0.835,0
PT-01900,0.6178846153846154,0
PT-01901,0.2396153846153845,0
PT-01902,0.7751923076923077,0
PT-01903,0.835,0
PT-01904,0.4842307692307692,0
PT-01905,0.7770769230769231,0
PT-01906,0.2503846153846154,0
PT-01907,0.3488461538461538,0
PT-01908,0.098076923076923,0
PT-01909,0.1430769230769231,0
PT-01910,0.835,0
PT-01911,0.7475,0
PT-01912,0.835,0
PT-01913,0.5211538461538461,0
PT-01914,0.8011923076923078,0
PT-01915,0.6157692307692308,0
PT-01916,0.7251923076923077,0
PT-01917,0.4142307692307692,0
PT-01918,0.9386538461538462,0
PT-01919,0.9386538461538462,0
PT-01920,0.4926923076923076,0
PT-01921,0.9386538461538462,0
PT-01922,0.5438461538461539,0
PT-01923,0.1119230769230769,0
PT-01924,0.3315384615384615,0
PT-01925,0.3473076923076923,0
PT-01926,0.7751923076923077,0
PT-01927,0.1173076923076923,0
PT-01928,0.3065384615384615,0
PT-01929,0.7751923076923077,0
PT-01930,0.6411538461538462,0
PT-01931,0.5665384615384615,0
PT-01932,0.103076923076923,0
PT-01933,0.835,0
PT-01934,0.4611538461538461,0
PT-01935,0.835,0
PT-01936,0.601923076923077,0
PT-01937,0.4819230769230769,0
PT-01938,0.835,0
PT-01939,0.1873076923076923,0
PT-01940,0.7475,0
PT-01941,0.1488461538461538,0
PT-01942,0.7094615384615385,0
PT-01943,0.6448076923076923,0
PT-01944,0.5761538461538461,0
PT-01945,0.2557692307692307,0
PT-01946,0.9386538461538462,0
PT-01947,0.835,0
PT-01948,0.0046153846153845,1
PT-01949,0.7475,0
PT-01950,0.6557692307692308,0
PT-01951,0.702076923076923,0
PT-01952,0.7751923076923077,0
PT-01953,0.2207692307692307,0
PT-01954,0.7251923076923077,0
PT-01955,0.1988461538461539,0
PT-01956,0.9386538461538462,0
PT-01957,0.2838461538461538,0
PT-01958,0.4811538461538461,0
PT-01959,0.14,0
PT-01960,-0.0125999999999999,1
PT-01961,0.7009615384615384,0
PT-01962,0.3553846153846154,0
PT-01963,0.835,0
PT-01964,0.7096153846153845,0
PT-01965,0.0911538461538461,0
PT-01966,0.9386538461538462,0
PT-01967,0.5480769230769231,0
PT-01968,0.5038461538461538,0
PT-01969,0.835,0
PT-01970,0.4126923076923077,0
PT-01971,0.6957692307692307,0
PT-01972,0.835,0
PT-01973,0.3357692307692308,0
PT-01974,0.2369230769230769,0
PT-01975,0.9386538461538462,0
PT-01976,0.0588461538461538,0
PT-01977,0.62,0
PT-01978,0.1407692307692307,0
PT-01979,0.9386538461538462,0
PT-01980,0.7208846153846153,0
PT-01981,0.835,0
PT-01982,0.3919230769230769,0
PT-01983,0.5773076923076923,0
PT-01984,0.6663461538461539,0
PT-01985,0.6165384615384615,0
PT-01986,0.3053846153846153,0
PT-01987,0.2923076923076922,0
PT-01988,0.835,0
PT-01989,0.5903846153846154,0
PT-01990,0.835,0
PT-01991,0.4396153846153846,0
PT-01992,0.6069230769230769,0
PT-01993,0.835,0
PT-01994,0.3011538461538461,0
PT-01995,-0.0208999999999999,1
PT-01996,0.5715384615384616,0
PT-01997,0.9386538461538462,0
PT-01998,0.2884615384615384,0
PT-01999,0.5257692307692308,0
PT-02000,0.2334615384615385,0
PT-02001,0.9386538461538462,0
PT-02002,0.835,0
PT-02003,0.835,0
PT-02004,0.835,0
PT-02005,0.2746153846153846,0
PT-02006,0.9386538461538462,0
PT-02007,0.1069230769230769,0
PT-02008,0.3903846153846153,0
PT-02009,0.9386538461538462,0
PT-02010,0.6503846153846153,0
PT-02011,0.7475,0
PT-02012,0.6709615384615384,0
PT-02013,0.4326923076923077,0
PT-02014,0.6015384615384616,0
PT-02015,0.4746153846153846,0
PT-02016,0.425,0
PT-02017,0.7818076923076923,0
PT-02018,0.7751923076923077,0
PT-02019,0.208076923076923,0
PT-02020,0.7028846153846153,0
PT-02021,0.0180769230769231,1
PT-02022,0.448076923076923,0
PT-02023,0.7751923076923077,0
PT-02024,0.3257692307692308,0
PT-02025,0.3853846153846154,0
PT-02026,-0.0129999999999999,1
PT-02027,0.9386538461538462,0
PT-02028,0.5442307692307693,0
PT-02029,0.0542307692307691,0
PT-02030,0.615,0
PT-02031,0.7017307692307693,0
PT-02032,0.2042307692307692,0
PT-02033,0.835,0
PT-02034,0.6053846153846154,0
PT-02035,0.5526923076923077,0
PT-02036,0.5561538461538462,0
PT-02037,0.835,0
PT-02038,0.7751923076923077,0
PT-02039,0.5776923076923077,0
PT-02040,0.7062307692307692,0
PT-02041,0.9386538461538462,0
PT-02042,0.1923076923076923,0
PT-02043,0.3546153846153846,0
PT-02044,0.1492307692307692,0
PT-02045,0.4388461538461539,0
PT-02046,0.7751923076923077,0
PT-02047,0.9386538461538462,0
PT-02048,0.9386538461538462,0
PT-02049,0.6296153846153847,0
PT-02050,0.4342307692307692,0
PT-02051,0.9386538461538462,0
PT-02052,0.7475,0
PT-02053,0.3119230769230769,0
PT-02054,0.561923076923077,0
PT-02055,0.835,0
PT-02056,0.15,0
PT-02057,0.4592307692307692,0
PT-02058,0.0699999999999999,0
PT-02059,0.2865384615384615,0
PT-02060,0.6280769230769231,0
PT-02061,0.9386538461538462,0
PT-02062,0.835,0
PT-02063,0.835,0
PT-02064,0.7394615384615384,0
PT-02065,0.7140384615384615,0
PT-02066,0.835,0
PT-02067,0.5549999999999999,0
PT-02068,0.6709615384615384,0
PT-02069,0.9386538461538462,0
PT-02070,0.6755769230769231,0
PT-02071,0.835,0
PT-02072,0.9386538461538462,0
PT-02073,0.4696153846153846,0
PT-02074,0.3976923076923077,0
PT-02075,0.2015384615384615,0
PT-02076,0.724576923076923,0
PT-02077,0.1819230769230769,0
PT-02078,0.0203846153846153,1
PT-02079,0.7806538461538461,0
PT-02080,0.7751923076923077,0
PT-02081,0.4734615384615385,0
PT-02082,0.0226923076923076,1
PT-02083,0.7251923076923077,0
PT-02084,0.4130769230769231,0
PT-02085,0.7751923076923077,0
PT-02086,0.6663461538461539,0
PT-02087,0.9386538461538462,0
PT-02088,0.9386538461538462,0
PT-02089,0.0103846153846154,1
PT-02090,0.9386538461538462,0
PT-02091,0.9386538461538462,0
PT-02092,0.0626923076923077,0
PT-02093,0.0576923076923077,0
PT-02094,0.9386538461538462,0
PT-02095,0.676923076923077,0
PT-02096,0.2807692307692307,0
PT-02097,0.7751923076923077,0
PT-02098,0.2196153846153846,0
PT-02099,0.2288461538461538,0
PT-02100,0.6946153846153846,0
PT-02101,0.238076923076923,0
PT-02102,0.1265384615384615,0
PT-02103,0.3388461538461538,0
PT-02104,0.9386538461538462,0
PT-02105,0.6578846153846154,0
PT-02106,0.9386538461538462,0
PT-02107,0.571923076923077,0
PT-02108,0.835,0
PT-02109,0.6130769230769231,0
PT-02110,0.3392307692307692,0
PT-02111,0.345,0
PT-02112,0.0538461538461538,0
PT-02113,0.1707692307692307,0
PT-02114,0.5980769230769231,0
PT-02115,0.7751923076923077,0
PT-02116,0.3342307692307692,0
PT-02117,0.6851923076923077,0
PT-02118,0.7751923076923077,0
PT-02119,0.3015384615384615,0
PT-02120,0.7361153846153846,0
PT-02121,0.2523076923076923,0
PT-02122,0.7751923076923077,0
PT-02123,0.6809615384615384,0
PT-02124,0.4465384615384615,0
PT-02125,0.2069230769230768,0
PT-02126,0.5723076923076923,0
PT-02127,0.835,0
PT-02128,-0.0092,1
PT-02129,0.6330769230769231,0
PT-02130,0.7751923076923077,0
PT-02131,0.7251923076923077,0
PT-02132,0.605,0
PT-02133,0.3907692307692307,0
PT-02134,0.2607692307692307,0
PT-02135,0.4034615384615384,0
PT-02136,0.3311538461538461,0
PT-02137,0.5053846153846153,0
PT-02138,0.3226923076923077,0
PT-02139,0.3088461538461539,0
PT-02140,0.7251923076923077,0
PT-02141,0.1788461538461538,0
PT-02142,0.2634615384615384,0
PT-02143,0.835,0
PT-02144,0.2076923076923077,0
PT-02145,0.4184615384615384,0
PT-02146,0.6809615384615384,0
PT-02147,0.1673076923076922,0
PT-02148,0.3611538461538461,0
PT-02149,0.5126923076923077,0
PT-02150,0.0038461538461538,1
PT-02151,0.835,0
PT-02152,0.7751923076923077,0
PT-02153,0.1865384615384615,0
PT-02154,0.6626923076923077,0
PT-02155,0.5373076923076923,0
PT-02156,0.2892307692307692,0
PT-02157,0.9386538461538462,0
PT-02158,0.3038461538461539,0
PT-02159,0.2046153846153846,0
PT-02160,0.7751923076923077,0
PT-02161,0.2834615384615384,0
PT-02162,0.7751923076923077,0
PT-02163,0.2238461538461538,0
PT-02164,0.6448076923076923,0
PT-02165,0.6484615384615384,0
PT-02166,0.4561538461538461,0
PT-02167,0.6709615384615384,0
PT-02168,0.4649999999999999,0
PT-02169,0.8543846153846154,0
PT-02170,0.9386538461538462,0
PT-02171,0.3176923076923077,0
PT-02172,0.9386538461538462,0
PT-02173,0.6790384615384615,0
PT-02174,0.835,0
PT-02175,0.7902307692307693,0
PT-02176,0.2946153846153846,0
PT-02177,0.9386538461538462,0
PT-02178,0.4453846153846154,0
PT-02179,0.7216923076923076,0
PT-02180,0.7096153846153845,0
PT-02181,0.835,0
PT-02182,0.4723076923076923,0
PT-02183,0.7251923076923077,0
PT-02184,0.255,0
PT-02185,0.2965384615384615,0
PT-02186,0.696923076923077,0
PT-02187,0.6026923076923076,0
PT-02188,0.835,0
PT-02189,0.353076923076923,0
PT-02190,0.835,0
PT-02191,0.1392307692307692,0
PT-02192,0.3138461538461539,0
PT-02193,0.9386538461538462,0
PT-02194,0.835,0
PT-02195,0.4092307692307692,0
PT-02196,0.7267692307692308,0
PT-02197,0.7321923076923077,0
PT-02198,0.2161538461538461,0
PT-02199,0.9386538461538462,0
PT-02200,0.4323076923076923,0
PT-02201,0.316923076923077,0
PT-02202,0.1646153846153846,0
PT-02203,0.0749999999999999,0
PT-02204,0.4188461538461538,0
PT-02205,0.5469230769230768,0
PT-02206,0.1026923076923076,0
PT-02207,0.3973076923076923,0
PT-02208,0.5334615384615384,0
PT-02209,0.5800000000000001,0
PT-02210,0.323076923076923,0
PT-02211,0.2253846153846154,0
PT-02212,0.61,0
PT-02213,0.5119230769230769,0
PT-02214,0.4157692307692308,0
PT-02215,0.1284615384615385,0
PT-02216,0.2242307692307692,0
PT-02217,0.3565384615384616,0
PT-02218,0.5465384615384615,0
PT-02219,0.6434615384615385,0
PT-02220,0.6832692307692307,0
PT-02221,0.1169230769230769,0
PT-02222,0.0565384615384615,0
PT-02223,0.5026923076923078,0
PT-02224,0.328076923076923,0
PT-02225,0.7096153846153845,0
PT-02226,0.3211538461538461,0
PT-02227,0.9386538461538462,0
PT-02228,0.6663461538461539,0
PT-02229,0.7751923076923077,0
PT-02230,0.7251923076923077,0
PT-02231,0.0469230769230769,0
PT-02232,0.835,0
PT-02233,0.3776923076923076,0
PT-02234,0.835,0
PT-02235,0.1111538461538461,0
PT-02236,0.2823076923076922,0
PT-02237,0.248076923076923,0
PT-02238,0.1611538461538462,0
PT-02239,-0.0183999999999999,1
PT-02240,0.8291153846153846,0
PT-02241,0.835,0
PT-02242,0.6303846153846153,0
PT-02243,0.4726923076923077,0
PT-02244,0.5615384615384615,0
PT-02245,0.39,0
PT-02246,0.9386538461538462,0
PT-02247,0.4238461538461539,0
PT-02248,0.835,0
PT-02249,0.4473076923076923,0
PT-02250,0.4146153846153846,0
PT-02251,0.0707692307692308,0
PT-02252,0.2026923076923077,0
PT-02253,0.835,0
PT-02254,0.2269230769230769,0
PT-02255,0.6809615384615384,0
PT-02256,0.5565384615384615,0
PT-02257,0.1384615384615384,0
PT-02258,0.441923076923077,0
PT-02259,0.5426923076923077,0
PT-02260,0.3423076923076923,0
PT-02261,0.3396153846153846,0
PT-02262,0.1984615384615384,0
PT-02263,0.4546153846153846,0
PT-02264,0.1934615384615384,0
PT-02265,-0.01,1
PT-02266,0.7140384615384615,0
PT-02267,0.3692307692307692,0
PT-02268,0.5984615384615385,0
PT-02269,0.3142307692307692,0
PT-02270,0.3073076923076923,0
PT-02271,0.3953846153846153,0
PT-02272,0.0669230769230769,0
PT-02273,0.6838461538461538,0
PT-02274,0.9386538461538462,0
PT-02275,0.835,0
PT-02276,0.7751923076923077,0
PT-02277,0.3192307692307692,0
PT-02278,0.4069230769230769,0
PT-02279,0.5096153846153846,0
PT-02280,0.4515384615384615,0
PT-02281,0.7497307692307693,0
PT-02282,0.4615384615384615,0
PT-02283,0.7751923076923077,0
PT-02284,0.9386538461538462,0
PT-02285,0.6626923076923077,0
PT-02286,0.6448076923076923,0
PT-02287,0.1242307692307692,0
PT-02288,0.5886538461538462,0
PT-02289,0.223076923076923,0
PT-02290,0.7251923076923077,0
PT-02291,0.1776923076923077,0
PT-02292,0.543076923076923,0
PT-02293,0.1146153846153845,0
PT-02294,0.7130384615384615,0
PT-02295,0.835,0
PT-02296,0.7475,0
PT-02297,0.7921153846153846,0
PT-02298,0.7475,0
PT-02299,0.7475,0
PT-02300,0.6276923076923078,0
PT-02301,0.6851923076923077,0
PT-02302,0.9386538461538462,0
PT-02303,0.1157692307692307,0
PT-02304,0.835,0
PT-02305,0.321923076923077,0
PT-02306,0.9386538461538462,0
PT-02307,0.2615384615384615,0
PT-02308,0.6290384615384615,0
PT-02309,0.2157692307692308,0
PT-02310,0.5503846153846154,0
PT-02311,0.1176923076923076,0
PT-02312,0.41,0
PT-02313,0.9386538461538462,0
PT-02314,0.6219230769230769,0
PT-02315,0.6046153846153846,0
PT-02316,0.4192307692307692,0
PT-02317,0.6515384615384615,0
PT-02318,0.7251923076923077,0
PT-02319,0.9386538461538462,0
PT-02320,0.6865384615384615,0
PT-02321,0.7751923076923077,0
PT-02322,0.1565384615384615,0
PT-02323,0.3765384615384615,0
PT-02324,0.7096153846153845,0
PT-02325,0.1149999999999999,0
PT-02326,0.7096153846153845,0
PT-02327,0.6790384615384615,0
PT-02328,0.3265384615384615,0
PT-02329,0.1188461538461538,0
PT-02330,0.1761538461538461,0
PT-02331,0.3915384615384615,0
PT-02332,0.7251923076923077,0
PT-02333,0.835,0
PT-02334,0.0292307692307692,0
PT-02335,0.835,0
PT-02336,0.835,0
PT-02337,0.835,0
PT-02338,0.02,1
PT-02339,-0.0096,1
PT-02340,0.0934615384615384,0
PT-02341,0.2484615384615385,0
PT-02342,0.5511538461538461,0
PT-02343,0.9386538461538462,0
PT-02344,0.835,0
PT-02345,0.4973076923076923,0
PT-02346,0.5673076923076923,0
PT-02347,0.9386538461538462,0
PT-02348,0.4057692307692307,0
PT-02349,0.6790384615384615,0
PT-02350,0.7751923076923077,0
PT-02351,0.2307692307692307,0
PT-02352,0.3469230769230769,0
PT-02353,0.1684615384615384,0
PT-02354,0.9386538461538462,0
PT-02355,0.3149999999999999,0
PT-02356,0.6573076923076924,0
PT-02357,0.18,0
PT-02358,0.4738461538461538,0
PT-02359,0.1869230769230769,0
PT-02360,0.9386538461538462,0
PT-02361,0.5542307692307693,0
PT-02362,0.4426923076923077,0
PT-02363,0.7751923076923077,0
PT-02364,0.1007692307692307,0
PT-02365,0.26,0
PT-02366,0.7043846153846154,0
PT-02367,0.2053846153846154,0
PT-02368,0.9386538461538462,0
PT-02369,0.3707692307692307,0
PT-02370,0.9386538461538462,0
PT-02371,0.0719230769230769,0
PT-02372,0.6886538461538462,0
PT-02373,0.6088461538461538,0
PT-02374,0.3761538461538461,0
PT-02375,0.3173076923076923,0
PT-02376,0.0126923076923076,1
PT-02377,0.3365384615384615,0
PT-02378,0.835,0
PT-02379,0.2019230769230768,0
PT-02380,0.7140384615384615,0
PT-02381,0.4757692307692307,0
PT-02382,0.4980769230769231,0
PT-02383,0.0857692307692308,0
PT-02384,0.7751923076923077,0
PT-02385,0.7751923076923077,0
PT-02386,0.3711538461538461,0
PT-02387,0.9386538461538462,0
PT-02388,0.7475,0
PT-02389,0.1476923076923076,0
PT-02390,0.7874615384615384,0
PT-02391,0.0584615384615384,0
PT-02392,0.835,0
PT-02393,0.0846153846153846,0
PT-02394,0.7751923076923077,0
PT-02395,0.835,0
PT-02396,0.5969230769230769,0
PT-02397,0.4773076923076923,0
PT-02398,0.3830769230769231,0
PT-02399,0.0715384615384615,0
PT-02400,0.4596153846153846,0
PT-02401,0.9386538461538462,0
PT-02402,0.5603846153846154,0
PT-02403,0.4253846153846153,0
PT-02404,0.4869230769230769,0
PT-02405,0.185,0
PT-02406,0.4676923076923077,0
PT-02407,0.4484615384615384,0
PT-02408,0.6930769230769231,0
PT-02409,0.835,0
PT-02410,0.835,0
PT-02411,0.7073846153846154,0
PT-02412,0.4223076923076923,0
PT-02413,0.3738461538461538,0
PT-02414,0.9386538461538462,0
PT-02415,0.7424615384615385,0
PT-02416,0.5851923076923077,0
PT-02417,0.0015384615384614,1
PT-02418,0.595,0
PT-02419,0.213076923076923,0
PT-02420,0.6234615384615385,0
PT-02421,0.3946153846153846,0
PT-02422,0.0869230769230768,0
PT-02423,0.5946153846153845,0
PT-02424,0.2446153846153845,0
PT-02425,0.1469230769230769,0
PT-02426,0.2930769230769231,0
PT-02427,0.6311538461538462,0
PT-02428,0.835,0
PT-02429,0.7053846153846154,0
PT-02430,0.3542307692307692,0
PT-02431,0.375,0
PT-02432,0.3888461538461538,0
PT-02433,0.0888461538461538,0
PT-02434,0.1915384615384615,0
PT-02435,0.4219230769230769,0
PT-02436,0.3303846153846154,0
PT-02437,0.6380769230769231,0
PT-02438,0.2742307692307693,0
PT-02439,0.123076923076923,0
PT-02440,0.9386538461538462,0
PT-02441,0.7531923076923077,0
PT-02442,0.4246153846153846,0
PT-02443,0.5080769230769231,0
PT-02444,0.2819230769230769,0
PT-02445,0.0507692307692307,0
PT-02446,0.835,0
PT-02447,0.7751923076923077,0
PT-02448,0.9386538461538462,0
PT-02449,0.1303846153846154,0
PT-02450,0.9386538461538462,0
PT-02451,0.5484615384615384,0
PT-02452,0.9386538461538462,0
PT-02453,0.5165384615384616,0
PT-02454,0.3196153846153846,0
PT-02455,0.6634615384615384,0
PT-02456,0.5784615384615385,0
PT-02457,0.7140384615384615,0
PT-02458,0.9386538461538462,0
PT-02459,0.0938461538461538,0
PT-02460,0.233076923076923,0
PT-02461,0.4861538461538461,0
PT-02462,0.1103846153846154,0
PT-02463,0.1373076923076923,0
PT-02464,0.7140384615384615,0
PT-02465,0.0407692307692307,0
PT-02466,0.5953846153846154,0
PT-02467,0.835,0
PT-02468,0.5407692307692308,0
PT-02469,0.7732692307692308,0
PT-02470,0.3803846153846154,0
PT-02471,0.3819230769230769,0
PT-02472,0.5303846153846155,0
PT-02473,0.9386538461538462,0
PT-02474,0.9386538461538462,0
PT-02475,0.4476923076923077,0
PT-02476,0.7276923076923076,0
PT-02477,0.6540384615384616,0
PT-02478,0.5061538461538462,0
PT-02479,0.835,0
PT-02480,0.385,0
PT-02481,0.8694999999999999,0
PT-02482,0.6540384615384616,0
PT-02483,0.0623076923076922,0
PT-02484,0.52,0
PT-02485,0.3461538461538461,0
PT-02486,0.835,0
PT-02487,0.675,0
PT-02488,0.5284615384615385,0
PT-02489,0.9386538461538462,0
PT-02490,0.5592307692307692,0
PT-02491,0.1542307692307692,0
PT-02492,0.3146153846153846,0
PT-02493,0.9386538461538462,0
PT-02494,0.6709615384615384,0
PT-02495,0.6273076923076923,0
PT-02496,0.835,0
PT-02497,0.835,0
PT-02498,0.6851923076923077,0
PT-02499,0.6219230769230769,0
PT-02500,0.9386538461538462,0
PT-02501,0.7001923076923077,0
PT-02502,0.3534615384615385,0
PT-02503,0.3861538461538462,0
PT-02504,0.9386538461538462,0
PT-02505,0.835,0
PT-02506,0.0946153846153846,0
PT-02507,0.0388461538461538,0
PT-02508,0.6526923076923077,0
PT-02509,0.3934615384615384,0
PT-02510,0.3238461538461539,0
PT-02511,0.7361538461538462,0
PT-02512,0.3319230769230769,0
PT-02513,0.2988461538461539,0
PT-02514,0.9386538461538462,0
PT-02515,0.7649615384615385,0
PT-02516,0.9386538461538462,0
PT-02517,0.9386538461538462,0
PT-02518,0.4815384615384616,0
PT-02519,0.7251923076923077,0
PT-02520,0.0369230769230769,0
PT-02521,0.5661538461538462,0
PT-02522,0.655,0
PT-02523,0.7171153846153846,0
PT-02524,0.835,0
PT-02525,0.5996153846153847,0
PT-02526,0.4519230769230768,0
PT-02527,0.5765384615384616,0
PT-02528,0.4965384615384615,0
PT-02529,0.1811538461538461,0
PT-02530,0.3299999999999999,0
PT-02531,-0.0091000000000001,1
PT-02532,0.275,0
PT-02533,0.7361538461538462,0
PT-02534,0.7475,0
PT-02535,0.2534615384615385,0
PT-02536,0.835,0
PT-02537,0.1957692307692308,0
PT-02538,0.5123076923076924,0
PT-02539,0.7475,0
PT-02540,0.4934615384615385,0
PT-02541,0.4103846153846153,0
PT-02542,0.6876923076923077,0
PT-02543,0.4196153846153846,0
PT-02544,0.835,0
PT-02545,-0.0115,1
PT-02546,0.9386538461538462,0
PT-02547,0.3980769230769231,0
PT-02548,0.0111500000000001,1
PT-02549,0.2376923076923076,0
PT-02550,0.3019230769230769,0
PT-02551,0.2188461538461538,0
PT-02552,0.9386538461538462,0
PT-02553,0.0111500000000001,1
PT-02554,0.2407692307692307,0
PT-02555,0.1669230769230769,0
PT-02556,0.1273076923076923,0
PT-02557,0.7751923076923077,0
PT-02558,0.4788461538461538,0
PT-02559,0.446923076923077,0
PT-02560,0.7475,0
PT-02561,0.5626923076923077,0
PT-02562,0.2392307692307692,0
PT-02563,0.0676923076923077,0
PT-02564,0.0692307692307692,0
PT-02565,0.6709615384615384,0
PT-02566,0.9386538461538462,0
PT-02567,0.7751923076923077,0
PT-02568,0.1969230769230769,0
PT-02569,0.7251923076923077,0
PT-02570,0.6219230769230769,0
PT-02571,0.7751923076923077,0
PT-02572,0.2303846153846154,0
PT-02573,0.2538461538461538,0
PT-02574,0.5657692307692308,0
PT-02575,0.2192307692307692,0
PT-02576,0.5988461538461538,0
PT-02577,0.0076923076923076,1
PT-02578,0.835,0
PT-02579,0.03,0
PT-02580,0.2338461538461538,0
PT-02581,0.7751923076923077,0
PT-02582,0.6709615384615384,0
PT-02583,0.0796153846153846,0
PT-02584,0.4261538461538461,0
PT-02585,0.7751923076923077,0
PT-02586,0.835,0
PT-02587,0.4930769230769231,0
PT-02588,0.6448076923076923,0
PT-02589,0.4307692307692308,0
PT-02590,0.405,0
PT-02591,0.1711538461538461,0
PT-02592,0.835,0
PT-02593,0.2769230769230769,0
PT-02594,0.9386538461538462,0
PT-02595,0.5157692307692308,0
PT-02596,0.9386538461538462,0
PT-02597,0.9386538461538462,0
PT-02598,0.835,0
PT-02599,0.6917307692307693,0
PT-02600,0.835,0
