origin,target,series,method,forecast,actual,pct_error,log_error
2025Q2,2025Q3,APJ,A_seasonal_growth,184307966.4752458,177457670,3.860242544177317,0.03787598772457786
2025Q2,2025Q3,APJ,B_seasonal_ratio,183965872.9517307,177457670,3.6674678258374005,0.03601816571668241
2025Q2,2025Q3,APJ,C_regression,184304895.3764473,177457670,3.858511934957387,0.03785932472056256
2025Q2,2025Q3,APJ,ENS,184192911.60114124,177457670,3.795407434990694,0.03725153940063464
2025Q2,2025Q3,EMEA,A_seasonal_growth,206742924.9977415,209967800,-1.5358902661543827,-0.015478072392572914
2025Q2,2025Q3,EMEA,B_seasonal_ratio,204204863.50445065,209967800,-2.7446763244408645,-0.02783046282270084
2025Q2,2025Q3,EMEA,C_regression,206710609.05022305,209967800,-1.5512811725307163,-0.01563439442115911
2025Q2,2025Q3,EMEA,ENS,205886132.5174717,209967800,-1.9439492543753323,-0.019630924432588508
2025Q2,2025Q3,AMS,A_seasonal_growth,517293632.2801379,498994120,3.667280143529128,0.03601635528876224
2025Q2,2025Q3,AMS,B_seasonal_ratio,529968516.3120141,498994120,6.207366995028729,0.06022328948189168
2025Q2,2025Q3,AMS,C_regression,516514384.2789069,498994120,3.5111163792685307,0.03450882558048184
2025Q2,2025Q3,AMS,ENS,521258844.290353,498994120,4.461921172608818,0.04365242831761486
2025Q2,2025Q3,ALL,A_seasonal_growth,896637010.1851168,886419590,1.1526618206978867,0.011460692857248139
2025Q2,2025Q3,ALL,B_seasonal_ratio,908963347.8854666,886419590,2.5432377781121174,0.025114355625855452
2025Q2,2025Q3,ALL,C_regression,896340753.483254,886419590,1.1192400974863403,0.011130229523500287
2025Q2,2025Q3,ALL,ENS,900647037.1846124,886419590,1.6050465654321,0.015923018842338155
2025Q3,2025Q4,APJ,A_seasonal_growth,215546398.10494316,205816690,4.727365941480821,0.046190272535201644
2025Q3,2025Q4,APJ,B_seasonal_ratio,211595685.36034566,205816690,2.8078361188034195,0.027691390964464827
2025Q3,2025Q4,APJ,C_regression,217004232.73541898,205816690,5.4356829542924645,0.05293094077818205
2025Q3,2025Q4,APJ,ENS,214715438.73356926,205816690,4.3236283381922425,0.04232769243464719
2025Q3,2025Q4,EMEA,A_seasonal_growth,275660502.88473016,266254440,3.5327346596474296,0.03471765361714156
2025Q3,2025Q4,EMEA,B_seasonal_ratio,279741873.76349777,266254440,5.065618347434042,0.049414905620074924
2025Q3,2025Q4,EMEA,C_regression,276841286.4710607,266254440,3.9762140571480087,0.03899197600597306
2025Q3,2025Q4,EMEA,ENS,277414554.3730962,266254440,4.19152235474316,0.04106058066185233
2025Q3,2025Q4,AMS,A_seasonal_growth,678144289.7682015,625405610,8.432716132527407,0.0809596668228359
2025Q3,2025Q4,AMS,B_seasonal_ratio,658062884.307413,625405610,5.22177508248014,0.050900080372613045
2025Q3,2025Q4,AMS,C_regression,673377692.384074,625405610,7.6705551752364265,0.0739059640929485
2025Q3,2025Q4,AMS,ENS,669861622.1532295,625405610,7.108348796747999,0.06867074171170738
2025Q3,2025Q4,ALL,A_seasonal_growth,1160287038.753511,1097476740,5.723155349379971,0.05565374958883305
2025Q3,2025Q4,ALL,B_seasonal_ratio,1145514892.4573402,1097476740,4.3771453832671,0.04284055154190962
2025Q3,2025Q4,ALL,C_regression,1154046401.6485095,1097476740,5.154520327101375,0.05026070455758616
2025Q3,2025Q4,ALL,ENS,1153282777.619787,1097476740,5.08494035324949,0.049598792886322116
2025Q4,2026Q1,APJ,A_seasonal_growth,212314022.13121605,214589830,-1.0605385487205798,-0.01066202338830946
2025Q4,2026Q1,APJ,B_seasonal_ratio,209629238.9181848,214589830,-2.311661779039209,-0.023387997206374737
2025Q4,2026Q1,APJ,C_regression,215119096.59334397,214589830,0.2466410422823806,0.002463373824610337
2025Q4,2026Q1,APJ,ENS,212354119.21424827,214589830,-1.0418530951591398,-0.010473183778046534
2025Q4,2026Q1,EMEA,A_seasonal_growth,272640840.8302373,259216830,5.178680269424385,0.05049043474151096
2025Q4,2026Q1,EMEA,B_seasonal_ratio,266845142.36587468,259216830,2.9428306664635473,0.02900360607550214
2025Q4,2026Q1,EMEA,C_regression,272474813.4725035,259216830,5.1146306636430605,0.049881289281984466
2025Q4,2026Q1,EMEA,ENS,270653598.8895385,259216830,4.412047199843672,0.04317487743751622
2025Q4,2026Q1,AMS,A_seasonal_growth,648074285.9028708,648742250,-0.10296294054059629,-0.0010301598378927163
2025Q4,2026Q1,AMS,B_seasonal_ratio,633801392.4800013,648742250,-2.3030498661060994,-0.023299844070473884
2025Q4,2026Q1,AMS,C_regression,668497483.9879149,648742250,3.0451591503274145,0.02999714450822736
2025Q4,2026Q1,AMS,ENS,650124387.4569291,648742250,0.21304878122692106,0.002128221541380941
2025Q4,2026Q1,ALL,A_seasonal_growth,1131239664.1468723,1122548910,0.7741982616037868,0.007712167256413866
2025Q4,2026Q1,ALL,B_seasonal_ratio,1110043340.0150478,1122548910,-1.1140334174795319,-0.011202852447491194
2025Q4,2026Q1,ALL,C_regression,1151365955.3402302,1122548910,2.567108219830727,0.02534711269825214
2025Q4,2026Q1,ALL,ENS,1130882986.500717,1122548910,0.7424243546516829,0.0073968195019418065
2026Q1,2026Q2,APJ,A_seasonal_growth,207943810.34942085,204261490,1.8027482074182588,0.0178669139075395
2026Q1,2026Q2,APJ,B_seasonal_ratio,210740827.905925,204261490,3.172080016612533,0.031228087981468963
2026Q1,2026Q2,APJ,C_regression,211037326.77610153,204261490,3.317236536412982,0.03263403523466674
2026Q1,2026Q2,APJ,ENS,209907321.67714915,204261490,2.764021586814591,0.0272651212100219
2026Q1,2026Q2,EMEA,A_seasonal_growth,253261654.63829386,255035490,-0.6955249097708505,-0.006979549585563151
2026Q1,2026Q2,EMEA,B_seasonal_ratio,252674656.42884496,255035490,-0.9256882527035937,-0.009299993720516975
2026Q1,2026Q2,EMEA,C_regression,259961083.7430164,255035490,1.9313365928076864,0.019129229956327886
2026Q1,2026Q2,EMEA,ENS,255299131.60338506,255035490,0.10337447677775113,0.001033210821599421
2026Q1,2026Q2,AMS,A_seasonal_growth,739991075.1303947,723863550,2.2279786197819673,0.022035217718104752
2026Q1,2026Q2,AMS,B_seasonal_ratio,729791323.9739149,723863550,0.8189076482598034,0.008155727934615234
2026Q1,2026Q2,AMS,C_regression,742163285.8451083,723863550,2.528064280223563,0.024966372970418583
2026Q1,2026Q2,AMS,ENS,737315228.3164726,723863550,1.8583168494217706,0.018412611175369898
2026Q1,2026Q2,ALL,A_seasonal_growth,1186851963.7127502,1183160530,0.3119977060720647,0.0031151200322136713
2026Q1,2026Q2,ALL,B_seasonal_ratio,1177003608.4831815,1183160530,-0.520379218263689,-0.00521737906521638
2026Q1,2026Q2,ALL,C_regression,1194058709.024367,1183160530,0.9211073855182716,0.009168910629025423
2026Q1,2026Q2,ALL,ENS,1185971427.073433,1183160530,0.23757529110888242,0.0023729352719354313
